-- Seed data adapted from vitabite_complete_seed_100_ingredients_50_recipes.sql
INSERT INTO allergens (allergen_id,name) VALUES
(1,'Sữa'),
(2,'Trứng'),
(3,'Cá'),
(4,'Giáp xác có vỏ'),
(5,'Hạt cây'),
(6,'Đậu phộng'),
(7,'Lúa mì'),
(8,'Đậu nành'),
(9,'Mè');

INSERT INTO ingredients (ingredient_id,name) VALUES
(1,'Sữa bò'),
(2,'Sữa dê'),
(3,'Sữa chua'),
(4,'Phô mai cứng vàng'),
(5,'Phô mai kéo sợi'),
(6,'Bơ'),
(7,'Kem sữa'),
(8,'Bột đạm sữa'),
(9,'Đạm sữa đông'),
(10,'Sữa bột'),
(11,'Trứng gà'),
(12,'Trứng vịt'),
(13,'Lòng trắng trứng'),
(14,'Lòng đỏ trứng'),
(15,'Bột trứng'),
(16,'Lòng trắng trứng khô'),
(17,'Cá hồi'),
(18,'Cá ngừ'),
(19,'Cá tuyết'),
(20,'Cá rô phi'),
(21,'Cá thu'),
(22,'Cá mòi'),
(23,'Cá cơm'),
(24,'Cá hồi vân'),
(25,'Cá bơn'),
(26,'Cá vược'),
(27,'Tôm'),
(28,'Cua'),
(29,'Tôm hùm'),
(30,'Tôm càng'),
(31,'Tôm sú'),
(32,'Tôm nhỏ Nam Cực'),
(33,'Tôm hùm đất nhỏ'),
(34,'Tôm càng biển'),
(35,'Hạnh nhân'),
(36,'Óc chó'),
(37,'Hồ đào'),
(38,'Hạt điều'),
(39,'Hạt dẻ cười'),
(40,'Hạt phỉ'),
(41,'Hạt dẻ Nam Mỹ'),
(42,'Hạt mắc ca'),
(43,'Hạt thông'),
(44,'Hạt dẻ'),
(45,'Bột hạnh nhân'),
(46,'Bơ hạt điều'),
(47,'Đậu phộng'),
(48,'Bơ đậu phộng'),
(49,'Bột đậu phộng'),
(50,'Dầu đậu phộng ép lạnh'),
(51,'Hạt lúa mì'),
(52,'Bột mì nguyên cám'),
(53,'Bột mì đa dụng'),
(54,'Bột mì hạt thô'),
(55,'Lúa mì cứng'),
(56,'Tiểu mạch'),
(57,'Lúa mì một hạt'),
(58,'Lúa mì cổ'),
(59,'Hạt lúa mì nghiền'),
(60,'Hạt mì viên'),
(61,'Cám lúa mì'),
(62,'Mầm lúa mì'),
(63,'Đậu nành'),
(64,'Đậu phụ'),
(65,'Bánh đậu nành lên men'),
(66,'Sữa đậu nành'),
(67,'Bột đậu nành'),
(68,'Đạm đậu nành cô lập'),
(69,'Đạm đậu nành dạng sợi'),
(70,'Đậu nành non'),
(71,'Tương đậu nành lên men'),
(72,'Nước tương truyền thống'),
(73,'Hạt mè trắng'),
(74,'Hạt mè đen'),
(75,'Mè xay nhuyễn'),
(76,'Bột mè'),
(77,'Tương mè'),
(78,'Dầu mè ép lạnh'),
(79,'Gạo trắng'),
(80,'Gạo lứt'),
(81,'Yến mạch'),
(82,'Đại mạch'),
(83,'Lúa mạch đen'),
(84,'Ngô'),
(85,'Khoai tây'),
(86,'Khoai lang'),
(87,'Sắn'),
(88,'Diêm mạch'),
(89,'Kiều mạch'),
(90,'Đậu gà'),
(91,'Đậu lăng'),
(92,'Đậu thận'),
(93,'Ức gà'),
(94,'Thịt bò'),
(95,'Thịt heo'),
(96,'Cà chua'),
(97,'Cà rốt'),
(98,'Rau bina'),
(99,'Táo'),
(100,'Chuối');

INSERT INTO ingredient_allergens (ingredient_id,allergen_id) VALUES
(1,1),
(2,1),
(3,1),
(4,1),
(5,1),
(6,1),
(7,1),
(8,1),
(9,1),
(10,1),
(11,2),
(12,2),
(13,2),
(14,2),
(15,2),
(16,2),
(17,3),
(18,3),
(19,3),
(20,3),
(21,3),
(22,3),
(23,3),
(24,3),
(25,3),
(26,3),
(27,4),
(28,4),
(29,4),
(30,4),
(31,4),
(32,4),
(33,4),
(34,4),
(35,5),
(36,5),
(37,5),
(38,5),
(39,5),
(40,5),
(41,5),
(42,5),
(43,5),
(44,5),
(45,5),
(46,5),
(47,6),
(48,6),
(49,6),
(50,6),
(51,7),
(52,7),
(53,7),
(54,7),
(55,7),
(56,7),
(57,7),
(58,7),
(59,7),
(60,7),
(61,7),
(62,7),
(63,8),
(64,8),
(65,8),
(66,8),
(67,8),
(68,8),
(69,8),
(70,8),
(71,8),
(72,8),
(72,7),
(73,9),
(74,9),
(75,9),
(76,9),
(77,9),
(78,9);

INSERT INTO categories (category_id,name,description) VALUES
(1,'Bữa sáng','Món ăn sáng'),
(2,'Bữa trưa','Món ăn trưa'),
(3,'Bữa tối','Món ăn tối'),
(4,'Ăn nhẹ','Món ăn nhẹ'),
(5,'Tráng miệng','Món tráng miệng'),
(6,'Món trộn','Món trộn'),
(7,'Món nước','Súp và món nước'),
(8,'Đồ uống','Đồ uống'),
(9,'Món chay','Món chay'),
(10,'Giàu đạm','Món giàu đạm');

INSERT INTO recipes (recipe_id,category_id,title,description,image_url,preparation_time,cook_time,difficulty,servings,created_at,updated_at) VALUES
(1,1,'Cháo yến mạch chuối sữa','Bữa sáng mềm, dễ ăn với yến mạch, chuối và sữa.','https://res.cloudinary.com/mss301/image/upload/v1784286141/mss301/recipes/recipe-1.jpg',0,12,'EASY',2,CURRENT_TIMESTAMP,CURRENT_TIMESTAMP),
(2,1,'Trứng cuộn rau bina phô mai','Trứng cuộn giàu đạm với rau bina và phô mai cứng vàng.','https://res.cloudinary.com/mss301/image/upload/v1784286145/mss301/recipes/recipe-2.jpg',0,15,'EASY',2,CURRENT_TIMESTAMP,CURRENT_TIMESTAMP),
(3,1,'Bát sữa chua táo óc chó','Sữa chua mát với táo và óc chó, phù hợp bữa sáng nhanh.','https://res.cloudinary.com/mss301/image/upload/v1784286149/mss301/recipes/recipe-3.jpg',0,5,'EASY',2,CURRENT_TIMESTAMP,CURRENT_TIMESTAMP),
(4,1,'Bánh chảo bột hạnh nhân chuối','Bánh chảo không dùng bột mì, làm từ bột hạnh nhân, chuối và trứng.','https://res.cloudinary.com/mss301/image/upload/v1784286152/mss301/recipes/recipe-4.jpg',0,20,'MEDIUM',2,CURRENT_TIMESTAMP,CURRENT_TIMESTAMP),
(5,1,'Cơm gạo lứt trứng và rau','Bữa sáng mặn với gạo lứt, trứng, cà rốt và rau bina.','https://res.cloudinary.com/mss301/image/upload/v1784286155/mss301/recipes/recipe-5.jpg',0,18,'EASY',2,CURRENT_TIMESTAMP,CURRENT_TIMESTAMP),
(6,2,'Ức gà gạo lứt rau củ','Suất trưa cân bằng với ức gà, gạo lứt, cà rốt và rau bina.','https://res.cloudinary.com/mss301/image/upload/v1784286158/mss301/recipes/recipe-6.jpg',0,30,'EASY',2,CURRENT_TIMESTAMP,CURRENT_TIMESTAMP),
(7,2,'Cá hồi diêm mạch rau bina','Cá hồi áp chảo ăn kèm diêm mạch, cà chua và rau bina.','https://res.cloudinary.com/mss301/image/upload/v1784286359/mss301/recipes/recipe-7.jpg',0,28,'MEDIUM',2,CURRENT_TIMESTAMP,CURRENT_TIMESTAMP),
(8,2,'Món trộn cá ngừ đậu gà','Món trộn giàu đạm với cá ngừ, đậu gà, cà chua và rau bina.','https://res.cloudinary.com/mss301/image/upload/v1784286163/mss301/recipes/recipe-8.jpg',0,12,'EASY',2,CURRENT_TIMESTAMP,CURRENT_TIMESTAMP),
(9,2,'Lúa mì nghiền bò cà chua','Hạt lúa mì nghiền ăn cùng thịt bò và cà chua, thích hợp bữa trưa no lâu.','https://res.cloudinary.com/mss301/image/upload/v1784286166/mss301/recipes/recipe-9.jpg',0,30,'MEDIUM',3,CURRENT_TIMESTAMP,CURRENT_TIMESTAMP),
(10,2,'Hạt mì viên tôm mè','Hạt mì viên với tôm, rau củ và mè trắng.','https://res.cloudinary.com/mss301/image/upload/v1784286169/mss301/recipes/recipe-10.jpg',0,22,'EASY',2,CURRENT_TIMESTAMP,CURRENT_TIMESTAMP),
(11,3,'Cá tuyết kho cà chua','Cá tuyết nấu mềm với cà chua và cà rốt, dùng cùng cơm trắng.','https://res.cloudinary.com/mss301/image/upload/v1784286172/mss301/recipes/recipe-11.jpg',0,35,'MEDIUM',3,CURRENT_TIMESTAMP,CURRENT_TIMESTAMP),
(12,3,'Bò hầm khoai tây cà rốt','Món bò hầm đơn giản, mềm và giàu năng lượng.','https://res.cloudinary.com/mss301/image/upload/v1784286175/mss301/recipes/recipe-12.jpg',0,75,'MEDIUM',4,CURRENT_TIMESTAMP,CURRENT_TIMESTAMP),
(13,3,'Thịt heo đậu nành lên men xào mè','Thịt heo xào bánh đậu nành lên men, rau bina và sốt mè.','https://res.cloudinary.com/mss301/image/upload/v1784286179/mss301/recipes/recipe-13.jpg',0,25,'MEDIUM',3,CURRENT_TIMESTAMP,CURRENT_TIMESTAMP),
(14,3,'Cá rô phi diêm mạch cà chua','Cá rô phi áp chảo với diêm mạch và sốt cà chua.','https://res.cloudinary.com/mss301/image/upload/v1784286182/mss301/recipes/recipe-14.jpg',0,30,'EASY',2,CURRENT_TIMESTAMP,CURRENT_TIMESTAMP),
(15,3,'Cơm bò đậu nành non','Cơm trắng ăn cùng bò, đậu nành non và cà rốt.','https://res.cloudinary.com/mss301/image/upload/v1784286186/mss301/recipes/recipe-15.jpg',0,28,'EASY',3,CURRENT_TIMESTAMP,CURRENT_TIMESTAMP),
(16,4,'Táo bơ đậu phộng','Món ăn nhẹ nhanh với táo và bơ đậu phộng.','https://res.cloudinary.com/mss301/image/upload/v1784286189/mss301/recipes/recipe-16.jpg',0,5,'EASY',2,CURRENT_TIMESTAMP,CURRENT_TIMESTAMP),
(17,4,'Thanh yến mạch hạt','Thanh ăn nhẹ từ yến mạch, chuối, hạnh nhân và óc chó.','https://res.cloudinary.com/mss301/image/upload/v1784286194/mss301/recipes/recipe-17.jpg',0,35,'EASY',8,CURRENT_TIMESTAMP,CURRENT_TIMESTAMP),
(18,4,'Đậu gà rang mè','Đậu gà rang giòn với dầu mè và mè trắng.','https://res.cloudinary.com/mss301/image/upload/v1784286197/mss301/recipes/recipe-18.jpg',0,30,'EASY',4,CURRENT_TIMESTAMP,CURRENT_TIMESTAMP),
(19,4,'Trứng luộc đậu nành non','Món ăn nhẹ giàu đạm từ trứng và đậu nành non.','https://res.cloudinary.com/mss301/image/upload/v1784286200/mss301/recipes/recipe-19.jpg',0,12,'EASY',2,CURRENT_TIMESTAMP,CURRENT_TIMESTAMP),
(20,4,'Sữa chua chuối bơ hạt điều','Món ăn nhẹ mịn, giàu năng lượng.','https://res.cloudinary.com/mss301/image/upload/v1784286204/mss301/recipes/recipe-20.jpg',0,5,'EASY',2,CURRENT_TIMESTAMP,CURRENT_TIMESTAMP),
(21,5,'Bánh táo yến mạch','Bánh mềm từ táo, yến mạch, trứng và sữa.','https://res.cloudinary.com/mss301/image/upload/v1784286207/mss301/recipes/recipe-21.jpg',0,45,'MEDIUM',6,CURRENT_TIMESTAMP,CURRENT_TIMESTAMP),
(22,5,'Kem chuối sữa chua','Món tráng miệng lạnh không cần máy làm kem.','https://res.cloudinary.com/mss301/image/upload/v1784286210/mss301/recipes/recipe-22.jpg',0,240,'EASY',4,CURRENT_TIMESTAMP,CURRENT_TIMESTAMP),
(23,5,'Món sữa mềm hạnh nhân giả lập','Món sữa mềm từ sữa bò với bột hạnh nhân và chuối.','https://res.cloudinary.com/mss301/image/upload/v1784286213/mss301/recipes/recipe-23.jpg',0,20,'EASY',4,CURRENT_TIMESTAMP,CURRENT_TIMESTAMP),
(24,5,'Bánh khoai lang óc chó','Bánh khoai lang mềm, có óc chó và trứng.','https://res.cloudinary.com/mss301/image/upload/v1784286216/mss301/recipes/recipe-24.png',0,50,'MEDIUM',8,CURRENT_TIMESTAMP,CURRENT_TIMESTAMP),
(25,5,'Táo nướng hạt dẻ cười','Táo nướng với hạt dẻ cười và sữa chua.','https://res.cloudinary.com/mss301/image/upload/v1784286220/mss301/recipes/recipe-25.jpg',0,30,'EASY',4,CURRENT_TIMESTAMP,CURRENT_TIMESTAMP),
(26,6,'Món trộn diêm mạch đậu gà mè xay','Món trộn chay giàu chất xơ với diêm mạch, đậu gà và sốt mè xay.','https://res.cloudinary.com/mss301/image/upload/v1784286224/mss301/recipes/recipe-26.jpg',0,20,'EASY',3,CURRENT_TIMESTAMP,CURRENT_TIMESTAMP),
(27,6,'Món trộn cá hồi khoai tây','Món trộn cá hồi, khoai tây, cà chua và sữa chua.','https://res.cloudinary.com/mss301/image/upload/v1784286227/mss301/recipes/recipe-27.jpg',0,30,'MEDIUM',3,CURRENT_TIMESTAMP,CURRENT_TIMESTAMP),
(28,6,'Món trộn tôm diêm mạch mè đen','Món trộn tôm với diêm mạch và sốt mè.','https://res.cloudinary.com/mss301/image/upload/v1784286231/mss301/recipes/recipe-28.jpg',0,20,'EASY',2,CURRENT_TIMESTAMP,CURRENT_TIMESTAMP),
(29,6,'Món trộn bò lúa mì nghiền','Món trộn no lâu từ bò, hạt lúa mì nghiền và rau củ.','https://res.cloudinary.com/mss301/image/upload/v1784286234/mss301/recipes/recipe-29.jpg',0,25,'MEDIUM',3,CURRENT_TIMESTAMP,CURRENT_TIMESTAMP),
(30,6,'Món trộn đậu phụ đậu nành non','Món trộn chay giàu đạm từ đậu phụ và đậu nành non.','https://res.cloudinary.com/mss301/image/upload/v1784286237/mss301/recipes/recipe-30.jpg',0,15,'EASY',3,CURRENT_TIMESTAMP,CURRENT_TIMESTAMP),
(31,7,'Súp đậu lăng cà chua','Súp chay giàu chất xơ từ đậu lăng, cà chua và cà rốt.','https://res.cloudinary.com/mss301/image/upload/v1784286241/mss301/recipes/recipe-31.jpg',0,45,'EASY',4,CURRENT_TIMESTAMP,CURRENT_TIMESTAMP),
(32,7,'Súp tương đậu nành lên men đậu phụ rau bina','Súp nhẹ với tương đậu nành lên men, đậu phụ và rau bina.','https://res.cloudinary.com/mss301/image/upload/v1784286247/mss301/recipes/recipe-32.jpg',0,15,'EASY',3,CURRENT_TIMESTAMP,CURRENT_TIMESTAMP),
(33,7,'Súp gà đại mạch','Súp gà với đại mạch, cà rốt và rau bina.','https://res.cloudinary.com/mss301/image/upload/v1784286251/mss301/recipes/recipe-33.jpg',0,60,'MEDIUM',4,CURRENT_TIMESTAMP,CURRENT_TIMESTAMP),
(34,7,'Súp cá tuyết khoai tây','Súp cá tuyết thanh nhẹ với khoai tây, cà chua và sữa.','https://res.cloudinary.com/mss301/image/upload/v1784286254/mss301/recipes/recipe-34.jpg',0,35,'MEDIUM',4,CURRENT_TIMESTAMP,CURRENT_TIMESTAMP),
(35,7,'Súp bí giả lập khoai lang đậu gà','Súp sánh từ khoai lang, đậu gà và sữa.','https://res.cloudinary.com/mss301/image/upload/v1784286258/mss301/recipes/recipe-35.jpg',0,40,'EASY',4,CURRENT_TIMESTAMP,CURRENT_TIMESTAMP),
(36,8,'Sinh tố chuối sữa chua','Đồ uống nhanh từ chuối, sữa chua và sữa.','https://res.cloudinary.com/mss301/image/upload/v1784286260/mss301/recipes/recipe-36.jpg',0,5,'EASY',2,CURRENT_TIMESTAMP,CURRENT_TIMESTAMP),
(37,8,'Sinh tố táo yến mạch','Sinh tố có chất xơ từ táo, yến mạch và sữa.','https://res.cloudinary.com/mss301/image/upload/v1784286264/mss301/recipes/recipe-37.jpg',0,7,'EASY',2,CURRENT_TIMESTAMP,CURRENT_TIMESTAMP),
(38,8,'Sữa đậu nành chuối giàu đạm','Đồ uống giàu đạm từ sữa đậu nành, chuối và đạm đậu nành.','https://res.cloudinary.com/mss301/image/upload/v1784286267/mss301/recipes/recipe-38.jpg',0,5,'EASY',2,CURRENT_TIMESTAMP,CURRENT_TIMESTAMP),
(39,8,'Đồ uống sữa chua táo giả vị xoài','Đồ uống sữa chua táo mát, dễ làm.','https://res.cloudinary.com/mss301/image/upload/v1784286271/mss301/recipes/recipe-39.jpg',0,5,'EASY',2,CURRENT_TIMESTAMP,CURRENT_TIMESTAMP),
(40,8,'Sinh tố bơ đậu phộng chuối đạm sữa','Sinh tố giàu đạm, phù hợp sau tập.','https://res.cloudinary.com/mss301/image/upload/v1784286274/mss301/recipes/recipe-40.jpg',0,5,'EASY',2,CURRENT_TIMESTAMP,CURRENT_TIMESTAMP),
(41,9,'Đậu phụ xào rau và gạo lứt','Món chay cân bằng với đậu phụ, rau củ và gạo lứt.','https://res.cloudinary.com/mss301/image/upload/v1784286277/mss301/recipes/recipe-41.jpg',0,25,'EASY',3,CURRENT_TIMESTAMP,CURRENT_TIMESTAMP),
(42,9,'Đậu nành lên men diêm mạch cà chua','Bánh đậu nành lên men áp chảo ăn cùng diêm mạch và cà chua.','https://res.cloudinary.com/mss301/image/upload/v1784286374/mss301/recipes/recipe-42.jpg',0,25,'EASY',3,CURRENT_TIMESTAMP,CURRENT_TIMESTAMP),
(43,9,'Cà ri đậu gà khoai lang giả lập','Món chay sánh từ đậu gà, khoai lang, cà chua và sữa.','https://res.cloudinary.com/mss301/image/upload/v1784286282/mss301/recipes/recipe-43.jpg',0,40,'MEDIUM',4,CURRENT_TIMESTAMP,CURRENT_TIMESTAMP),
(44,9,'Đậu lăng diêm mạch rau bina','Bát chay giàu đạm và chất xơ.','https://res.cloudinary.com/mss301/image/upload/v1784286285/mss301/recipes/recipe-44.jpg',0,35,'EASY',3,CURRENT_TIMESTAMP,CURRENT_TIMESTAMP),
(45,9,'Miếng đậu thận yến mạch áp chảo','Miếng chay áp chảo từ đậu thận và yến mạch.','https://res.cloudinary.com/mss301/image/upload/v1784286289/mss301/recipes/recipe-45.jpg',0,35,'MEDIUM',4,CURRENT_TIMESTAMP,CURRENT_TIMESTAMP),
(46,10,'Ức gà diêm mạch bát giàu đạm','Bát giàu đạm với ức gà, diêm mạch và đậu nành non.','https://res.cloudinary.com/mss301/image/upload/v1784286388/mss301/recipes/recipe-46.jpg',0,30,'EASY',2,CURRENT_TIMESTAMP,CURRENT_TIMESTAMP),
(47,10,'Cá ngừ trứng gạo lứt','Bát cơm giàu đạm từ cá ngừ và trứng.','https://res.cloudinary.com/mss301/image/upload/v1784286293/mss301/recipes/recipe-47.jpg',0,20,'EASY',2,CURRENT_TIMESTAMP,CURRENT_TIMESTAMP),
(48,10,'Cá hồi đậu lăng','Cá hồi ăn với đậu lăng và cà chua, giàu đạm và chất béo có lợi.','https://res.cloudinary.com/mss301/image/upload/v1784286296/mss301/recipes/recipe-48.jpg',0,35,'MEDIUM',3,CURRENT_TIMESTAMP,CURRENT_TIMESTAMP),
(49,10,'Bò đậu nành non khoai lang','Món giàu đạm với bò, đậu nành non và khoai lang.','https://res.cloudinary.com/mss301/image/upload/v1784286300/mss301/recipes/recipe-49.jpg',0,35,'MEDIUM',3,CURRENT_TIMESTAMP,CURRENT_TIMESTAMP),
(50,10,'Tôm đậu phụ bát giàu đạm','Bát giàu đạm kết hợp tôm, đậu phụ và gạo lứt.','https://res.cloudinary.com/mss301/image/upload/v1784286303/mss301/recipes/recipe-50.jpg',0,25,'EASY',3,CURRENT_TIMESTAMP,CURRENT_TIMESTAMP);

INSERT INTO recipe_diet_types (recipe_id, diet_type)
SELECT recipe_id, 'NORMAL' FROM recipes;

INSERT INTO recipe_ingredients (recipe_id,ingredient_id,quantity,unit) VALUES
(1,81,80.00,'g'),
(1,1,300.00,'ml'),
(1,100,2.00,'quả'),
(1,35,20.00,'g'),
(2,11,4.00,'quả'),
(2,98,100.00,'g'),
(2,4,60.00,'g'),
(2,6,10.00,'g'),
(3,3,300.00,'g'),
(3,99,2.00,'quả'),
(3,36,30.00,'g'),
(3,81,30.00,'g'),
(4,45,100.00,'g'),
(4,100,2.00,'quả'),
(4,11,2.00,'quả'),
(4,1,80.00,'ml'),
(4,6,10.00,'g'),
(5,80,250.00,'g'),
(5,11,3.00,'quả'),
(5,97,100.00,'g'),
(5,98,80.00,'g'),
(5,72,15.00,'ml'),
(5,78,5.00,'ml'),
(6,93,300.00,'g'),
(6,80,250.00,'g'),
(6,97,120.00,'g'),
(6,98,100.00,'g'),
(6,72,15.00,'ml'),
(6,73,10.00,'g'),
(7,17,300.00,'g'),
(7,88,180.00,'g'),
(7,98,100.00,'g'),
(7,96,150.00,'g'),
(7,78,5.00,'ml'),
(8,18,240.00,'g'),
(8,90,200.00,'g'),
(8,96,150.00,'g'),
(8,98,100.00,'g'),
(8,75,30.00,'g'),
(9,59,220.00,'g'),
(9,94,300.00,'g'),
(9,96,250.00,'g'),
(9,97,100.00,'g'),
(9,98,80.00,'g'),
(10,60,200.00,'g'),
(10,27,300.00,'g'),
(10,97,100.00,'g'),
(10,98,100.00,'g'),
(10,73,12.00,'g'),
(10,78,5.00,'ml'),
(11,19,450.00,'g'),
(11,96,300.00,'g'),
(11,97,150.00,'g'),
(11,79,300.00,'g'),
(11,72,15.00,'ml'),
(12,94,500.00,'g'),
(12,85,400.00,'g'),
(12,97,250.00,'g'),
(12,96,200.00,'g'),
(13,95,300.00,'g'),
(13,65,200.00,'g'),
(13,98,120.00,'g'),
(13,72,20.00,'ml'),
(13,77,25.00,'g'),
(13,74,10.00,'g'),
(14,20,350.00,'g'),
(14,88,180.00,'g'),
(14,96,250.00,'g'),
(14,98,80.00,'g'),
(15,79,350.00,'g'),
(15,94,300.00,'g'),
(15,70,180.00,'g'),
(15,97,150.00,'g'),
(15,72,20.00,'ml'),
(15,78,5.00,'ml'),
(16,99,2.00,'quả'),
(16,48,40.00,'g'),
(17,81,250.00,'g'),
(17,100,3.00,'quả'),
(17,35,50.00,'g'),
(17,36,50.00,'g'),
(17,48,40.00,'g'),
(18,90,400.00,'g'),
(18,78,10.00,'ml'),
(18,73,20.00,'g'),
(19,11,3.00,'quả'),
(19,70,180.00,'g'),
(19,72,10.00,'ml'),
(20,3,250.00,'g'),
(20,100,2.00,'quả'),
(20,46,35.00,'g'),
(21,99,3.00,'quả'),
(21,81,220.00,'g'),
(21,11,2.00,'quả'),
(21,1,200.00,'ml'),
(21,35,40.00,'g'),
(21,6,15.00,'g'),
(22,100,4.00,'quả'),
(22,3,300.00,'g'),
(22,1,100.00,'ml'),
(23,1,500.00,'ml'),
(23,45,80.00,'g'),
(23,100,2.00,'quả'),
(23,14,2.00,'quả'),
(24,86,500.00,'g'),
(24,52,150.00,'g'),
(24,11,2.00,'quả'),
(24,36,60.00,'g'),
(24,1,120.00,'ml'),
(24,6,15.00,'g'),
(25,99,4.00,'quả'),
(25,39,50.00,'g'),
(25,3,200.00,'g'),
(25,81,40.00,'g'),
(26,88,220.00,'g'),
(26,90,250.00,'g'),
(26,96,200.00,'g'),
(26,98,120.00,'g'),
(26,75,40.00,'g'),
(27,17,300.00,'g'),
(27,85,350.00,'g'),
(27,96,180.00,'g'),
(27,98,100.00,'g'),
(27,3,120.00,'g'),
(28,27,280.00,'g'),
(28,88,180.00,'g'),
(28,96,150.00,'g'),
(28,98,100.00,'g'),
(28,77,25.00,'g'),
(28,74,10.00,'g'),
(29,94,280.00,'g'),
(29,59,200.00,'g'),
(29,96,180.00,'g'),
(29,97,120.00,'g'),
(29,98,100.00,'g'),
(30,64,300.00,'g'),
(30,70,200.00,'g'),
(30,96,180.00,'g'),
(30,98,120.00,'g'),
(30,72,15.00,'ml'),
(30,73,12.00,'g'),
(31,91,300.00,'g'),
(31,96,300.00,'g'),
(31,97,200.00,'g'),
(31,98,100.00,'g'),
(32,71,50.00,'g'),
(32,64,300.00,'g'),
(32,98,150.00,'g'),
(32,73,10.00,'g'),
(33,93,400.00,'g'),
(33,82,220.00,'g'),
(33,97,200.00,'g'),
(33,98,120.00,'g'),
(34,19,400.00,'g'),
(34,85,350.00,'g'),
(34,96,250.00,'g'),
(34,1,250.00,'ml'),
(35,86,500.00,'g'),
(35,90,250.00,'g'),
(35,97,150.00,'g'),
(35,1,250.00,'ml'),
(36,100,2.00,'quả'),
(36,3,200.00,'g'),
(36,1,250.00,'ml'),
(37,99,2.00,'quả'),
(37,81,50.00,'g'),
(37,1,300.00,'ml'),
(37,35,15.00,'g'),
(38,66,400.00,'ml'),
(38,100,2.00,'quả'),
(38,68,30.00,'g'),
(39,3,300.00,'g'),
(39,99,2.00,'quả'),
(39,1,100.00,'ml'),
(40,1,350.00,'ml'),
(40,100,2.00,'quả'),
(40,48,35.00,'g'),
(40,8,35.00,'g'),
(41,64,350.00,'g'),
(41,80,300.00,'g'),
(41,97,150.00,'g'),
(41,98,120.00,'g'),
(41,72,20.00,'ml'),
(41,78,5.00,'ml'),
(42,65,300.00,'g'),
(42,88,220.00,'g'),
(42,96,250.00,'g'),
(42,98,100.00,'g'),
(42,72,15.00,'ml'),
(43,90,350.00,'g'),
(43,86,450.00,'g'),
(43,96,300.00,'g'),
(43,1,250.00,'ml'),
(44,91,250.00,'g'),
(44,88,200.00,'g'),
(44,98,150.00,'g'),
(44,96,200.00,'g'),
(44,75,25.00,'g'),
(45,92,400.00,'g'),
(45,81,120.00,'g'),
(45,11,1.00,'quả'),
(45,96,150.00,'g'),
(45,98,80.00,'g'),
(46,93,360.00,'g'),
(46,88,200.00,'g'),
(46,70,180.00,'g'),
(46,98,100.00,'g'),
(46,72,15.00,'ml'),
(47,18,260.00,'g'),
(47,11,3.00,'quả'),
(47,80,280.00,'g'),
(47,98,100.00,'g'),
(47,72,15.00,'ml'),
(48,17,360.00,'g'),
(48,91,250.00,'g'),
(48,96,250.00,'g'),
(48,98,100.00,'g'),
(49,94,350.00,'g'),
(49,70,220.00,'g'),
(49,86,450.00,'g'),
(49,98,100.00,'g'),
(49,72,15.00,'ml'),
(50,27,300.00,'g'),
(50,64,250.00,'g'),
(50,80,280.00,'g'),
(50,98,100.00,'g'),
(50,72,15.00,'ml'),
(50,73,10.00,'g');

INSERT INTO nutrition_info (nutrition_id,recipe_id,serving_size_grams,calories,protein,fat,saturated_fat,trans_fat,cholesterol,carbs,fiber,sugar,sodium,potassium,vitamin_a,vitamin_d,vitamin_e,vitamin_k,vitamin_b1,vitamin_b2,vitamin_b3,vitamin_b6,vitamin_b9,vitamin_b12,vitamin_c,calcium,iron) VALUES
(1,1,322.50,330.00,12.09,10.56,3.13,0.12,12.35,50.37,6.84,18.33,54.78,718.81,59.73,1.48,2.39,1.48,0.24,0.42,1.38,0.45,46.95,0.56,8.21,183.07,2.12),
(2,2,185.00,360.00,24.98,27.35,13.19,0.58,479.13,3.35,1.27,0.87,423.73,517.71,587.80,2.61,2.55,280.91,0.10,0.75,0.57,0.28,176.10,1.63,16.25,369.77,3.83),
(3,3,362.00,280.00,8.67,13.18,3.47,0.12,15.94,36.10,5.69,21.66,58.37,455.84,37.69,0.12,0.46,4.09,0.16,0.25,0.50,0.19,31.92,0.45,7.61,175.90,1.14),
(4,4,264.20,410.00,15.41,28.08,5.45,0.18,157.47,30.64,6.60,14.79,72.86,710.98,107.55,1.23,10.01,0.95,0.13,0.65,2.06,0.45,56.29,0.58,8.05,163.57,2.42),
(5,5,301.00,390.00,19.48,14.09,3.82,0.04,361.92,46.62,5.97,4.34,849.99,750.18,940.61,1.95,2.80,260.21,0.24,0.63,3.63,0.50,174.89,1.07,18.41,147.20,4.12),
(6,6,398.70,510.00,59.70,10.50,2.42,0.17,142.72,42.44,6.37,4.00,757.36,1085.79,845.13,0.17,2.36,279.98,0.35,0.39,26.49,1.42,147.44,0.50,19.69,174.53,4.91),
(7,7,367.30,560.00,36.45,22.48,4.60,0.00,67.10,50.84,6.75,5.12,110.82,1226.45,265.88,12.20,5.37,201.61,0.56,0.79,12.24,1.59,253.23,3.90,24.54,91.74,5.06),
(8,8,360.00,420.00,38.77,10.54,1.42,0.00,30.08,45.26,13.72,8.64,85.04,1119.02,193.59,4.75,2.27,169.24,0.29,0.23,16.75,1.27,196.16,1.98,18.69,155.36,6.80),
(9,9,316.67,525.00,36.11,15.97,6.05,0.78,88.22,61.82,15.62,4.05,130.07,1050.42,429.72,0.10,1.42,139.56,0.29,0.35,9.36,0.80,97.40,2.45,20.46,87.63,5.39),
(10,10,358.30,500.00,42.34,5.43,0.85,0.00,231.92,70.11,6.71,2.84,205.46,841.84,555.45,0.12,4.03,203.58,0.24,0.24,5.01,0.34,124.20,1.35,13.91,207.37,3.46),
(11,11,405.80,460.00,48.75,2.63,0.40,0.00,100.72,58.85,4.76,7.92,687.24,1681.40,752.68,2.34,1.83,22.88,0.26,0.27,7.30,0.86,60.61,2.34,28.34,97.46,2.09),
(12,12,337.50,590.00,49.40,26.54,10.43,1.39,156.50,34.71,6.33,7.01,197.01,1581.68,755.19,0.17,1.31,22.12,0.28,0.42,11.14,1.29,63.47,4.35,42.06,83.64,6.10),
(13,13,226.07,540.00,52.96,32.91,8.82,0.24,95.58,11.27,3.64,0.40,638.40,1200.24,226.82,0.84,1.47,230.90,1.00,0.70,11.14,0.93,131.52,0.84,13.43,242.71,6.12),
(14,14,430.00,470.00,44.24,7.86,1.52,0.00,77.46,56.74,7.68,6.68,118.05,1497.16,245.89,4.65,3.84,179.94,0.42,0.45,8.15,0.80,269.08,2.48,25.11,99.06,5.88),
(15,15,335.93,560.00,40.45,22.02,7.32,0.87,98.36,48.09,5.52,4.17,585.83,889.66,464.79,0.11,1.06,25.80,0.25,0.35,6.95,0.71,229.15,2.73,7.22,94.55,4.90),
(16,16,202.00,250.00,6.53,12.21,2.36,0.00,0.00,34.30,6.56,24.42,96.38,382.28,6.43,0.00,2.44,4.86,0.07,0.09,3.26,0.19,29.28,0.00,9.86,22.99,0.66),
(17,17,93.00,190.00,6.60,8.51,1.09,0.00,0.00,24.17,4.24,4.67,15.10,283.00,1.03,0.00,1.60,0.74,0.14,0.11,1.13,0.19,28.74,0.00,2.79,31.39,1.50),
(18,18,107.30,210.00,10.26,5.48,0.65,0.00,0.00,31.46,9.15,5.45,12.48,456.83,1.53,0.00,0.43,4.74,0.08,0.04,0.88,0.29,89.93,0.00,2.03,78.18,3.52),
(19,19,170.80,230.00,21.64,12.42,3.01,0.03,292.71,9.25,4.96,2.42,450.08,546.75,138.17,1.57,1.45,24.79,0.22,0.51,0.98,0.20,331.49,0.87,5.76,105.56,3.64),
(20,20,260.50,310.00,9.55,14.33,4.75,0.14,17.74,41.55,3.98,23.25,66.92,780.54,40.70,0.14,0.37,4.74,0.16,0.29,1.18,0.61,40.09,0.50,11.98,179.75,1.60),
(21,21,187.83,265.00,10.10,9.81,2.85,0.11,64.43,36.46,6.28,10.80,36.47,344.50,56.74,0.71,2.07,2.79,0.20,0.27,0.70,0.11,32.96,0.31,3.81,83.64,2.15),
(22,22,218.75,180.00,5.13,3.98,2.36,0.11,13.33,34.24,3.32,20.77,50.55,624.21,38.53,0.42,0.20,0.88,0.07,0.25,0.94,0.52,32.59,0.43,11.51,135.96,0.43),
(23,23,216.25,240.00,9.16,14.79,3.61,0.12,92.53,21.02,3.23,12.82,54.08,488.25,82.38,1.76,4.59,0.65,0.11,0.44,1.07,0.29,34.90,0.66,4.52,185.05,1.04),
(24,24,118.58,220.00,7.11,9.17,2.30,0.09,55.27,29.63,4.65,3.95,63.48,374.25,512.75,0.49,0.56,2.02,0.19,0.17,1.57,0.28,30.97,0.22,1.70,60.90,1.58),
(25,25,254.50,205.00,5.70,7.32,1.64,0.04,5.69,32.81,5.91,19.54,22.00,387.85,18.01,0.04,0.66,5.21,0.18,0.14,0.42,0.28,18.32,0.16,8.16,78.70,1.02),
(26,26,276.67,430.00,19.43,10.81,1.32,0.00,0.00,66.71,14.39,9.19,47.19,1007.41,139.92,0.00,2.31,131.46,0.29,0.25,2.23,0.61,241.85,0.00,15.13,143.62,7.02),
(27,27,350.00,465.00,34.45,20.05,5.42,0.05,82.16,34.47,5.49,6.15,155.23,1698.36,317.10,13.70,4.12,229.96,0.49,0.75,14.34,1.88,162.37,4.57,60.97,150.68,3.24),
(28,28,372.50,440.00,37.85,11.39,1.56,0.00,194.75,49.03,7.40,4.99,160.50,1036.44,215.26,0.10,5.03,182.41,0.35,0.36,3.10,0.59,227.53,1.13,17.90,220.29,6.08),
(29,29,293.33,485.00,33.56,14.86,5.64,0.73,82.10,56.67,14.44,3.75,132.41,1003.17,503.90,0.09,1.45,169.49,0.27,0.34,8.67,0.75,105.24,2.28,19.50,90.25,5.17),
(30,30,276.47,390.00,36.39,20.34,2.74,0.00,0.00,24.70,11.33,7.35,701.70,1579.96,585.92,0.00,3.27,418.89,0.53,0.50,3.98,0.55,603.54,0.00,45.47,920.85,17.06),
(31,31,225.00,340.00,23.67,1.31,0.11,0.00,0.00,59.96,28.72,6.59,69.79,1332.64,633.94,0.00,1.80,150.24,0.26,0.16,3.42,0.65,228.90,0.00,26.38,101.33,7.45),
(32,32,170.00,220.00,19.11,12.05,1.81,0.00,0.00,13.88,4.24,2.90,1051.78,709.27,501.07,0.00,1.77,391.52,0.21,0.30,1.98,0.33,186.37,0.00,22.27,694.94,12.05),
(33,33,235.00,390.00,39.49,5.12,1.31,0.10,85.64,46.65,11.66,2.93,139.84,838.23,576.03,0.10,1.57,154.16,0.23,0.26,17.06,0.88,84.98,0.30,11.47,79.94,3.97),
(34,34,314.38,410.00,45.89,6.23,2.71,0.13,101.40,41.85,5.49,11.37,184.71,2104.55,145.35,3.64,1.25,14.68,0.35,0.46,7.16,1.10,67.11,2.65,54.97,216.38,2.68),
(35,35,289.38,360.00,15.21,5.61,1.48,0.06,5.95,64.45,14.48,15.63,126.86,1094.56,1137.22,0.71,1.05,12.03,0.21,0.23,1.95,0.63,121.58,0.27,7.13,173.92,4.39),
(36,36,346.75,260.00,9.48,8.40,4.96,0.24,27.51,40.17,3.26,27.15,109.02,819.22,95.43,1.75,0.32,1.25,0.12,0.48,1.05,0.56,39.38,1.01,11.45,289.59,0.47),
(37,37,369.00,295.00,10.12,9.78,3.15,0.14,13.83,45.41,7.12,24.35,61.61,526.98,68.57,1.66,2.24,4.45,0.20,0.41,0.76,0.16,27.69,0.62,7.49,196.20,1.50),
(38,38,337.00,320.00,30.44,5.90,0.79,0.00,0.00,43.15,6.07,21.51,311.80,1063.55,5.00,3.17,0.48,4.30,0.24,0.34,1.91,0.75,63.56,0.58,14.51,122.86,4.35),
(39,39,383.50,230.00,7.87,7.41,4.36,0.21,26.06,36.62,4.62,30.19,98.28,533.35,73.63,0.81,0.48,4.71,0.11,0.38,0.35,0.16,19.60,0.83,9.64,264.95,0.29),
(40,40,333.25,430.00,28.05,17.95,6.70,0.24,24.70,44.61,4.54,28.32,241.13,985.64,95.33,2.39,2.03,1.36,0.15,0.56,3.66,0.66,56.61,0.99,11.32,335.87,0.91),
(41,41,315.93,460.00,26.60,15.53,2.38,0.00,0.00,59.28,8.36,6.78,938.66,1119.19,1307.14,0.00,2.73,378.04,0.36,0.37,5.66,0.60,213.56,0.00,26.64,888.24,14.98),
(42,42,295.80,480.00,32.31,15.36,2.71,0.00,0.00,58.49,8.18,5.61,356.12,1214.35,189.07,0.00,3.13,165.07,0.40,0.67,4.41,0.71,233.22,0.00,20.46,185.77,7.20),
(43,43,339.38,430.00,19.68,7.02,1.61,0.06,5.91,75.10,17.92,17.69,105.02,1303.79,791.39,0.71,1.34,14.72,0.23,0.23,2.29,0.73,162.94,0.27,15.14,189.15,5.83),
(44,44,275.00,445.00,24.97,7.12,0.90,0.00,0.00,71.95,23.80,4.94,44.13,1193.29,192.56,0.00,2.47,180.29,0.36,0.28,3.06,0.68,282.34,0.00,19.57,123.25,8.43),
(45,45,200.00,360.00,24.03,3.39,0.73,0.00,34.95,61.76,21.78,3.21,44.93,1281.94,98.88,0.19,0.66,79.53,0.25,0.16,0.98,0.20,148.16,0.10,11.47,142.63,7.88),
(46,46,428.70,610.00,63.91,13.52,2.39,0.14,118.14,57.48,9.92,5.26,510.38,1338.16,208.94,0.14,3.53,204.96,0.55,0.59,21.16,1.37,439.59,0.42,15.09,141.36,7.68),
(47,47,403.70,570.00,67.01,13.07,3.86,0.04,415.64,44.24,4.67,1.39,857.47,1022.83,481.58,11.77,4.21,306.46,0.52,0.83,34.23,2.09,188.16,5.16,17.78,150.32,5.89),
(48,48,320.00,590.00,49.18,17.52,4.00,0.00,68.75,56.80,28.28,4.13,110.72,1682.12,251.03,12.50,4.10,176.16,0.49,0.62,13.77,1.73,268.73,4.00,30.43,102.91,8.13),
(49,49,379.13,620.00,51.13,25.78,8.92,1.11,125.16,45.49,10.84,9.62,614.86,1677.68,1465.39,0.14,2.15,219.52,0.42,0.58,8.88,1.11,382.09,3.48,20.79,175.36,7.88),
(50,50,319.13,540.00,64.27,12.72,2.09,0.00,345.06,46.59,5.67,2.26,852.23,1153.48,444.56,0.18,5.92,298.48,0.32,0.35,6.09,0.62,187.34,2.01,17.25,800.42,12.50);

INSERT INTO recipe_steps (step_id,recipe_id,step_order,instruction) VALUES
(1,1,1,'Nấu yến mạch với sữa ở lửa vừa trong 6–8 phút.'),
(2,1,2,'Nghiền một quả chuối rồi khuấy vào nồi.'),
(3,1,3,'Cắt lát quả chuối còn lại và rắc hạnh nhân lên trên.'),
(4,1,4,'Chia thành hai phần và dùng khi còn ấm.'),
(5,2,1,'Đánh đều trứng.'),
(6,2,2,'Làm nóng bơ trong chảo và đảo rau bina đến khi mềm.'),
(7,2,3,'Đổ trứng vào, dàn mỏng rồi thêm phô mai.'),
(8,2,4,'Cuộn trứng, áp chảo thêm 1–2 phút và cắt đôi.'),
(9,3,1,'Rửa táo và cắt hạt lựu.'),
(10,3,2,'Chia sữa chua vào hai bát.'),
(11,3,3,'Thêm táo, yến mạch và óc chó.'),
(12,3,4,'Trộn nhẹ trước khi dùng.'),
(13,4,1,'Nghiền chuối rồi trộn với trứng và sữa.'),
(14,4,2,'Cho bột hạnh nhân vào, khuấy thành hỗn hợp sệt.'),
(15,4,3,'Làm nóng chảo với một lượng nhỏ bơ.'),
(16,4,4,'Đổ từng phần bột, rán mỗi mặt 2–3 phút.'),
(17,5,1,'Đánh trứng rồi làm chín trong chảo.'),
(18,5,2,'Thêm cà rốt thái nhỏ và rau bina, đảo 3 phút.'),
(19,5,3,'Cho gạo lứt đã nấu vào chảo.'),
(20,5,4,'Nêm nước tương, dầu mè và đảo đều.'),
(21,6,1,'Cắt ức gà thành miếng vừa ăn.'),
(22,6,2,'Áp chảo gà đến khi chín hoàn toàn.'),
(23,6,3,'Cho cà rốt và rau bina vào đảo mềm.'),
(24,6,4,'Thêm cơm gạo lứt và nước tương.'),
(25,6,5,'Rắc mè trắng, chia thành hai phần.'),
(26,7,1,'Nấu diêm mạch với nước đến khi hạt nở.'),
(27,7,2,'Áp chảo cá hồi 4–5 phút mỗi mặt.'),
(28,7,3,'Đảo nhanh cà chua và rau bina.'),
(29,7,4,'Xếp diêm mạch, rau và cá hồi ra đĩa.'),
(30,8,1,'Để ráo cá ngừ và đậu gà đã nấu.'),
(31,8,2,'Cắt cà chua, rửa rau bina.'),
(32,8,3,'Khuấy mè xay nhuyễn với một ít nước thành sốt.'),
(33,8,4,'Trộn tất cả nguyên liệu và dùng ngay.'),
(34,9,1,'Nấu hạt lúa mì nghiền đến khi mềm.'),
(35,9,2,'Xào thịt bò đến khi đổi màu.'),
(36,9,3,'Thêm cà rốt và cà chua, nấu 8 phút.'),
(37,9,4,'Cho rau bina vào đảo mềm.'),
(38,9,5,'Dùng hỗn hợp bò cùng hạt lúa mì nghiền.'),
(39,10,1,'Ngâm hoặc nấu hạt mì viên theo hướng dẫn.'),
(40,10,2,'Làm chín tôm trong chảo.'),
(41,10,3,'Thêm cà rốt và rau bina, đảo nhanh.'),
(42,10,4,'Trộn với hạt mì viên, dầu mè và mè trắng.'),
(43,11,1,'Nấu cơm trắng.'),
(44,11,2,'Cắt cá tuyết thành khúc.'),
(45,11,3,'Nấu cà chua và cà rốt với ít nước trong 10 phút.'),
(46,11,4,'Cho cá và nước tương vào, đậy nắp nấu thêm 10–12 phút.'),
(47,11,5,'Dùng cá với cơm.'),
(48,12,1,'Cắt thịt bò, khoai tây và cà rốt thành miếng.'),
(49,12,2,'Áp chảo thịt bò đến khi săn.'),
(50,12,3,'Thêm cà chua và nước, hầm 40 phút.'),
(51,12,4,'Cho khoai tây và cà rốt vào hầm thêm 20 phút.'),
(52,12,5,'Kiểm tra thịt mềm rồi phục vụ.'),
(53,13,1,'Cắt thịt heo và bánh đậu nành lên men thành miếng mỏng.'),
(54,13,2,'Áp chảo thịt heo đến khi gần chín.'),
(55,13,3,'Thêm bánh đậu nành lên men và rau bina.'),
(56,13,4,'Cho nước tương và tương mè vào đảo đều.'),
(57,13,5,'Rắc mè đen trước khi dùng.'),
(58,14,1,'Nấu diêm mạch đến khi mềm.'),
(59,14,2,'Áp chảo cá rô phi đến khi chín.'),
(60,14,3,'Nấu cà chua thành sốt đặc nhẹ.'),
(61,14,4,'Cho rau bina vào sốt.'),
(62,14,5,'Dùng cá với diêm mạch và sốt cà chua.'),
(63,15,1,'Nấu cơm trắng.'),
(64,15,2,'Xào thịt bò đến khi vừa chín.'),
(65,15,3,'Thêm đậu nành non và cà rốt, đảo 5 phút.'),
(66,15,4,'Nêm nước tương và dầu mè.'),
(67,15,5,'Dùng hỗn hợp bò với cơm.'),
(68,16,1,'Rửa táo và bỏ lõi.'),
(69,16,2,'Cắt táo thành múi.'),
(70,16,3,'Phết bơ đậu phộng lên từng miếng táo.'),
(71,16,4,'Dùng ngay.'),
(72,17,1,'Nghiền chuối và trộn với bơ đậu phộng.'),
(73,17,2,'Cho yến mạch cùng hạt cắt nhỏ vào trộn.'),
(74,17,3,'Ép hỗn hợp vào khuôn.'),
(75,17,4,'Nướng ở 175°C khoảng 22–25 phút.'),
(76,17,5,'Để nguội rồi cắt thành tám thanh.'),
(77,18,1,'Làm ráo đậu gà đã nấu.'),
(78,18,2,'Trộn đậu với dầu mè và mè trắng.'),
(79,18,3,'Dàn lên khay.'),
(80,18,4,'Nướng ở 190°C trong 20–25 phút, đảo một lần.'),
(81,19,1,'Luộc trứng 9–10 phút rồi ngâm nước mát.'),
(82,19,2,'Luộc hoặc hấp đậu nành non đến chín.'),
(83,19,3,'Bóc vỏ trứng và cắt đôi.'),
(84,19,4,'Dùng cùng đậu nành non và một ít nước tương.'),
(85,20,1,'Nghiền một phần chuối.'),
(86,20,2,'Trộn chuối nghiền với sữa chua.'),
(87,20,3,'Chia ra bát, thêm chuối lát.'),
(88,20,4,'Rưới bơ hạt điều lên trên.'),
(89,21,1,'Cắt táo thành lát mỏng.'),
(90,21,2,'Trộn yến mạch, trứng và sữa.'),
(91,21,3,'Xếp táo vào khuôn đã quét bơ.'),
(92,21,4,'Đổ hỗn hợp yến mạch lên trên, rắc hạnh nhân.'),
(93,21,5,'Nướng 180°C trong 30–35 phút.'),
(94,22,1,'Cắt chuối và đông lạnh ít nhất 3 giờ.'),
(95,22,2,'Xay chuối đông với sữa chua và sữa.'),
(96,22,3,'Cho vào hộp và làm lạnh thêm 30 phút.'),
(97,22,4,'Múc ra dùng.'),
(98,23,1,'Nghiền chuối.'),
(99,23,2,'Đánh lòng đỏ trứng với sữa.'),
(100,23,3,'Đun lửa nhỏ và khuấy liên tục.'),
(101,23,4,'Thêm bột hạnh nhân và chuối, khuấy đến sệt.'),
(102,23,5,'Chia cốc và làm lạnh.'),
(103,24,1,'Hấp chín và nghiền khoai lang.'),
(104,24,2,'Trộn khoai với trứng, sữa và bột mì nguyên cám.'),
(105,24,3,'Thêm óc chó cắt nhỏ.'),
(106,24,4,'Cho vào khuôn đã quét bơ.'),
(107,24,5,'Nướng 180°C khoảng 30–35 phút.'),
(108,25,1,'Khoét bỏ lõi táo.'),
(109,25,2,'Trộn yến mạch và hạt dẻ cười cắt nhỏ.'),
(110,25,3,'Nhồi hỗn hợp vào táo.'),
(111,25,4,'Nướng ở 180°C khoảng 20 phút.'),
(112,25,5,'Dùng cùng sữa chua.'),
(113,26,1,'Nấu diêm mạch và để nguội.'),
(114,26,2,'Để ráo đậu gà.'),
(115,26,3,'Cắt cà chua và rửa rau bina.'),
(116,26,4,'Pha mè xay nhuyễn với nước thành sốt.'),
(117,26,5,'Trộn tất cả nguyên liệu.'),
(118,27,1,'Luộc khoai tây, để nguội rồi cắt miếng.'),
(119,27,2,'Áp chảo cá hồi và tách miếng.'),
(120,27,3,'Cắt cà chua, rửa rau bina.'),
(121,27,4,'Dùng sữa chua làm sốt.'),
(122,27,5,'Trộn nhẹ tất cả nguyên liệu.'),
(123,28,1,'Nấu diêm mạch rồi để nguội.'),
(124,28,2,'Luộc hoặc áp chảo tôm đến chín.'),
(125,28,3,'Trộn tương mè với một ít nước.'),
(126,28,4,'Kết hợp diêm mạch, tôm, cà chua và rau bina.'),
(127,28,5,'Rắc mè đen và thêm sốt.'),
(128,29,1,'Nấu hạt lúa mì nghiền và để nguội bớt.'),
(129,29,2,'Áp chảo thịt bò rồi thái lát.'),
(130,29,3,'Cắt cà chua, bào cà rốt.'),
(131,29,4,'Trộn rau với hạt lúa mì nghiền.'),
(132,29,5,'Xếp bò lên trên và dùng.'),
(133,30,1,'Ép bớt nước đậu phụ rồi cắt khối.'),
(134,30,2,'Áp chảo đậu phụ đến vàng.'),
(135,30,3,'Luộc đậu nành non.'),
(136,30,4,'Trộn cà chua, rau bina, đậu phụ và đậu nành non.'),
(137,30,5,'Thêm nước tương và mè trắng.'),
(138,31,1,'Rửa đậu lăng.'),
(139,31,2,'Cho đậu, cà chua và cà rốt vào nồi với nước.'),
(140,31,3,'Đun sôi rồi hạ lửa nấu 30–35 phút.'),
(141,31,4,'Thêm rau bina trong 3 phút cuối.'),
(142,31,5,'Nghiền nhẹ một phần súp nếu muốn đặc hơn.'),
(143,32,1,'Đun nóng nước nhưng không để sôi mạnh.'),
(144,32,2,'Hòa tương đậu nành lên men với một ít nước ấm.'),
(145,32,3,'Cho đậu phụ vào nồi nấu 4 phút.'),
(146,32,4,'Thêm rau bina và tương đậu nành lên men, khuấy nhẹ.'),
(147,32,5,'Rắc mè trắng trước khi dùng.'),
(148,33,1,'Nấu đại mạch trong nước 25 phút.'),
(149,33,2,'Thêm ức gà cắt miếng và cà rốt.'),
(150,33,3,'Nấu thêm 20 phút đến khi gà chín.'),
(151,33,4,'Cho rau bina vào 3 phút cuối.'),
(152,33,5,'Chia ra bát và dùng nóng.'),
(153,34,1,'Nấu khoai tây và cà chua với nước đến mềm.'),
(154,34,2,'Cho cá tuyết cắt khúc vào nấu 8 phút.'),
(155,34,3,'Thêm sữa và đun lửa nhỏ.'),
(156,34,4,'Khuấy nhẹ để cá không nát.'),
(157,34,5,'Tắt bếp khi súp nóng đều.'),
(158,35,1,'Cắt khoai lang và cà rốt.'),
(159,35,2,'Nấu cùng đậu gà và nước đến mềm.'),
(160,35,3,'Xay hoặc nghiền hỗn hợp.'),
(161,35,4,'Thêm sữa, đun lửa nhỏ 5 phút.'),
(162,35,5,'Điều chỉnh độ đặc bằng nước.'),
(163,36,1,'Bóc vỏ và cắt chuối.'),
(164,36,2,'Cho chuối, sữa chua và sữa vào máy xay.'),
(165,36,3,'Xay mịn trong 30–45 giây.'),
(166,36,4,'Rót ra hai ly.'),
(167,37,1,'Cắt táo và bỏ lõi.'),
(168,37,2,'Ngâm yến mạch trong sữa 5 phút nếu muốn mịn hơn.'),
(169,37,3,'Xay táo, yến mạch, sữa và hạnh nhân.'),
(170,37,4,'Rót ra ly và dùng ngay.'),
(171,38,1,'Cho sữa đậu nành vào máy xay.'),
(172,38,2,'Thêm chuối và đạm đậu nành cô lập.'),
(173,38,3,'Xay đến khi mịn.'),
(174,38,4,'Chia thành hai phần.'),
(175,39,1,'Cắt táo và bỏ lõi.'),
(176,39,2,'Cho táo, sữa chua và sữa vào máy xay.'),
(177,39,3,'Xay thật mịn.'),
(178,39,4,'Làm lạnh trước khi dùng nếu thích.'),
(179,40,1,'Cho sữa vào máy xay.'),
(180,40,2,'Thêm chuối, bơ đậu phộng và bột đạm sữa.'),
(181,40,3,'Xay 45 giây đến khi mịn.'),
(182,40,4,'Dùng ngay sau khi xay.'),
(183,41,1,'Áp chảo đậu phụ đến vàng.'),
(184,41,2,'Thêm cà rốt và rau bina, đảo mềm.'),
(185,41,3,'Cho gạo lứt đã nấu vào.'),
(186,41,4,'Nêm nước tương và dầu mè.'),
(187,41,5,'Đảo đều rồi phục vụ.'),
(188,42,1,'Nấu diêm mạch.'),
(189,42,2,'Áp chảo bánh đậu nành lên men đến vàng hai mặt.'),
(190,42,3,'Nấu cà chua thành sốt nhẹ.'),
(191,42,4,'Thêm rau bina và nước tương.'),
(192,42,5,'Dùng bánh đậu nành lên men với diêm mạch và sốt.'),
(193,43,1,'Cắt khoai lang thành khối.'),
(194,43,2,'Nấu cà chua với ít nước 8 phút.'),
(195,43,3,'Thêm khoai lang và đậu gà, nấu đến mềm.'),
(196,43,4,'Cho sữa vào, đun lửa nhỏ 5 phút.'),
(197,43,5,'Dùng cùng cơm nếu cần thêm năng lượng.'),
(198,44,1,'Nấu riêng đậu lăng và diêm mạch.'),
(199,44,2,'Nấu cà chua đến mềm.'),
(200,44,3,'Thêm rau bina vào cà chua.'),
(201,44,4,'Trộn đậu lăng, diêm mạch và rau.'),
(202,44,5,'Rưới mè xay nhuyễn đã pha loãng.'),
(203,45,1,'Nghiền đậu thận.'),
(204,45,2,'Trộn với yến mạch, trứng và cà chua băm.'),
(205,45,3,'Tạo thành bốn miếng dẹt.'),
(206,45,4,'Áp chảo mỗi mặt 4–5 phút.'),
(207,45,5,'Dùng cùng rau bina.'),
(208,46,1,'Nấu diêm mạch.'),
(209,46,2,'Áp chảo ức gà đến chín và thái lát.'),
(210,46,3,'Luộc đậu nành non.'),
(211,46,4,'Xếp diêm mạch, rau bina, đậu nành non và gà vào bát.'),
(212,46,5,'Rưới một ít nước tương.'),
(213,47,1,'Nấu hoặc hâm nóng gạo lứt.'),
(214,47,2,'Luộc trứng rồi cắt đôi.'),
(215,47,3,'Để ráo cá ngừ.'),
(216,47,4,'Xếp cơm, rau bina, cá ngừ và trứng vào bát.'),
(217,47,5,'Thêm nước tương.'),
(218,48,1,'Nấu đậu lăng đến mềm.'),
(219,48,2,'Áp chảo cá hồi.'),
(220,48,3,'Nấu cà chua thành sốt.'),
(221,48,4,'Thêm rau bina vào sốt.'),
(222,48,5,'Dùng cá hồi với đậu lăng và sốt cà chua.'),
(223,49,1,'Hấp hoặc nướng khoai lang đến mềm.'),
(224,49,2,'Xào thịt bò đến vừa chín.'),
(225,49,3,'Thêm đậu nành non và rau bina.'),
(226,49,4,'Nêm nước tương.'),
(227,49,5,'Dùng cùng khoai lang.'),
(228,50,1,'Áp chảo đậu phụ đến vàng.'),
(229,50,2,'Cho tôm vào chảo và nấu chín.'),
(230,50,3,'Thêm rau bina và nước tương.'),
(231,50,4,'Chia gạo lứt vào bát.'),
(232,50,5,'Xếp tôm, đậu phụ lên trên và rắc mè.');
