-- Seed data adapted from vitabite_complete_seed_100_ingredients_50_recipes.sql
INSERT INTO allergens (allergen_id,name) VALUES
(1,'Milk'),
(2,'Egg'),
(3,'Fish'),
(4,'Crustacean shellfish'),
(5,'Tree nut'),
(6,'Peanut'),
(7,'Wheat'),
(8,'Soybean'),
(9,'Sesame');

INSERT INTO ingredients (ingredient_id,name) VALUES
(1,'Cow milk'),
(2,'Goat milk'),
(3,'Yogurt'),
(4,'Cheddar cheese'),
(5,'Mozzarella cheese'),
(6,'Butter'),
(7,'Cream'),
(8,'Whey protein'),
(9,'Casein'),
(10,'Milk powder'),
(11,'Chicken egg'),
(12,'Duck egg'),
(13,'Egg white'),
(14,'Egg yolk'),
(15,'Egg powder'),
(16,'Albumen'),
(17,'Salmon'),
(18,'Tuna'),
(19,'Cod'),
(20,'Tilapia'),
(21,'Mackerel'),
(22,'Sardine'),
(23,'Anchovy'),
(24,'Trout'),
(25,'Halibut'),
(26,'Bass'),
(27,'Shrimp'),
(28,'Crab'),
(29,'Lobster'),
(30,'Crayfish'),
(31,'Tiger prawn'),
(32,'Krill'),
(33,'Langoustine'),
(34,'Scampi'),
(35,'Almond'),
(36,'Walnut'),
(37,'Pecan'),
(38,'Cashew'),
(39,'Pistachio'),
(40,'Hazelnut'),
(41,'Brazil nut'),
(42,'Macadamia nut'),
(43,'Pine nut'),
(44,'Chestnut'),
(45,'Almond flour'),
(46,'Cashew butter'),
(47,'Peanut'),
(48,'Peanut butter'),
(49,'Peanut flour'),
(50,'Cold-pressed peanut oil'),
(51,'Wheat grain'),
(52,'Whole wheat flour'),
(53,'All-purpose flour'),
(54,'Semolina'),
(55,'Durum wheat'),
(56,'Spelt'),
(57,'Einkorn'),
(58,'Emmer/Farro'),
(59,'Bulgur'),
(60,'Couscous'),
(61,'Wheat bran'),
(62,'Wheat germ'),
(63,'Soybean'),
(64,'Tofu'),
(65,'Tempeh'),
(66,'Soy milk'),
(67,'Soy flour'),
(68,'Soy protein isolate'),
(69,'Textured soy protein'),
(70,'Edamame'),
(71,'Miso'),
(72,'Traditional soy sauce'),
(73,'White sesame seed'),
(74,'Black sesame seed'),
(75,'Tahini'),
(76,'Sesame flour'),
(77,'Sesame paste'),
(78,'Cold-pressed sesame oil'),
(79,'White rice'),
(80,'Brown rice'),
(81,'Oats'),
(82,'Barley'),
(83,'Rye'),
(84,'Corn'),
(85,'Potato'),
(86,'Sweet potato'),
(87,'Cassava'),
(88,'Quinoa'),
(89,'Buckwheat'),
(90,'Chickpea'),
(91,'Lentil'),
(92,'Kidney bean'),
(93,'Chicken breast'),
(94,'Beef'),
(95,'Pork'),
(96,'Tomato'),
(97,'Carrot'),
(98,'Spinach'),
(99,'Apple'),
(100,'Banana');

INSERT INTO ingredient_allergens (ingredient_id,allergen_id) VALUES
(1,1),
(2,1),
(3,1),
(4,1),
(5,1),
(6,1),
(7,1),
(8,1),
(9,1),
(10,1),
(11,2),
(12,2),
(13,2),
(14,2),
(15,2),
(16,2),
(17,3),
(18,3),
(19,3),
(20,3),
(21,3),
(22,3),
(23,3),
(24,3),
(25,3),
(26,3),
(27,4),
(28,4),
(29,4),
(30,4),
(31,4),
(32,4),
(33,4),
(34,4),
(35,5),
(36,5),
(37,5),
(38,5),
(39,5),
(40,5),
(41,5),
(42,5),
(43,5),
(44,5),
(45,5),
(46,5),
(47,6),
(48,6),
(49,6),
(50,6),
(51,7),
(52,7),
(53,7),
(54,7),
(55,7),
(56,7),
(57,7),
(58,7),
(59,7),
(60,7),
(61,7),
(62,7),
(63,8),
(64,8),
(65,8),
(66,8),
(67,8),
(68,8),
(69,8),
(70,8),
(71,8),
(72,8),
(72,7),
(73,9),
(74,9),
(75,9),
(76,9),
(77,9),
(78,9);

INSERT INTO categories (category_id,name,description) VALUES
(1,'Breakfast','Món ăn sáng'),
(2,'Lunch','Món ăn trưa'),
(3,'Dinner','Món ăn tối'),
(4,'Snack','Món ăn nhẹ'),
(5,'Dessert','Món tráng miệng'),
(6,'Salad','Salad'),
(7,'Soup','Súp và món nước'),
(8,'Drink','Đồ uống'),
(9,'Vegetarian','Món chay'),
(10,'High Protein','Món giàu protein');

INSERT INTO recipes (recipe_id,category_id,title,description,image_url,preparation_time,cook_time,difficulty,servings,created_at,updated_at) VALUES
(1,1,'Cháo yến mạch chuối sữa','Bữa sáng mềm, dễ ăn với yến mạch, chuối và sữa.','https://images.example.com/vitabite/recipes/001.jpg',0,12,'EASY',2,CURRENT_TIMESTAMP,CURRENT_TIMESTAMP),
(2,1,'Trứng cuộn rau bina phô mai','Trứng cuộn giàu protein với rau bina và phô mai Cheddar.','https://images.example.com/vitabite/recipes/002.jpg',0,15,'EASY',2,CURRENT_TIMESTAMP,CURRENT_TIMESTAMP),
(3,1,'Bát sữa chua táo óc chó','Sữa chua mát với táo và óc chó, phù hợp bữa sáng nhanh.','https://images.example.com/vitabite/recipes/003.jpg',0,5,'EASY',2,CURRENT_TIMESTAMP,CURRENT_TIMESTAMP),
(4,1,'Bánh pancake bột hạnh nhân chuối','Pancake không dùng bột mì, làm từ bột hạnh nhân, chuối và trứng.','https://images.example.com/vitabite/recipes/004.jpg',0,20,'MEDIUM',2,CURRENT_TIMESTAMP,CURRENT_TIMESTAMP),
(5,1,'Cơm gạo lứt trứng và rau','Bữa sáng mặn với gạo lứt, trứng, cà rốt và rau bina.','https://images.example.com/vitabite/recipes/005.jpg',0,18,'EASY',2,CURRENT_TIMESTAMP,CURRENT_TIMESTAMP),
(6,2,'Ức gà gạo lứt rau củ','Suất trưa cân bằng với ức gà, gạo lứt, cà rốt và rau bina.','https://images.example.com/vitabite/recipes/006.jpg',0,30,'EASY',2,CURRENT_TIMESTAMP,CURRENT_TIMESTAMP),
(7,2,'Cá hồi quinoa rau bina','Cá hồi áp chảo ăn kèm quinoa, cà chua và rau bina.','https://images.example.com/vitabite/recipes/007.jpg',0,28,'MEDIUM',2,CURRENT_TIMESTAMP,CURRENT_TIMESTAMP),
(8,2,'Salad cá ngừ đậu gà','Salad giàu đạm với cá ngừ, đậu gà, cà chua và rau bina.','https://images.example.com/vitabite/recipes/008.jpg',0,12,'EASY',2,CURRENT_TIMESTAMP,CURRENT_TIMESTAMP),
(9,2,'Bulgur bò cà chua','Bulgur ăn cùng thịt bò và cà chua, thích hợp bữa trưa no lâu.','https://images.example.com/vitabite/recipes/009.jpg',0,30,'MEDIUM',3,CURRENT_TIMESTAMP,CURRENT_TIMESTAMP),
(10,2,'Couscous tôm mè','Couscous với tôm, rau củ và mè trắng.','https://images.example.com/vitabite/recipes/010.jpg',0,22,'EASY',2,CURRENT_TIMESTAMP,CURRENT_TIMESTAMP),
(11,3,'Cá tuyết kho cà chua','Cá tuyết nấu mềm với cà chua và cà rốt, dùng cùng cơm trắng.','https://images.example.com/vitabite/recipes/011.jpg',0,35,'MEDIUM',3,CURRENT_TIMESTAMP,CURRENT_TIMESTAMP),
(12,3,'Bò hầm khoai tây cà rốt','Món bò hầm đơn giản, mềm và giàu năng lượng.','https://images.example.com/vitabite/recipes/012.jpg',0,75,'MEDIUM',4,CURRENT_TIMESTAMP,CURRENT_TIMESTAMP),
(13,3,'Thịt heo tempeh xào mè','Thịt heo xào tempeh, rau bina và sốt mè.','https://images.example.com/vitabite/recipes/013.jpg',0,25,'MEDIUM',3,CURRENT_TIMESTAMP,CURRENT_TIMESTAMP),
(14,3,'Cá rô phi quinoa cà chua','Cá rô phi áp chảo với quinoa và sốt cà chua.','https://images.example.com/vitabite/recipes/014.jpg',0,30,'EASY',2,CURRENT_TIMESTAMP,CURRENT_TIMESTAMP),
(15,3,'Cơm bò đậu nành','Cơm trắng ăn cùng bò, edamame và cà rốt.','https://images.example.com/vitabite/recipes/015.jpg',0,28,'EASY',3,CURRENT_TIMESTAMP,CURRENT_TIMESTAMP),
(16,4,'Táo bơ đậu phộng','Món ăn nhẹ nhanh với táo và bơ đậu phộng.','https://images.example.com/vitabite/recipes/016.jpg',0,5,'EASY',2,CURRENT_TIMESTAMP,CURRENT_TIMESTAMP),
(17,4,'Thanh yến mạch hạt','Thanh ăn nhẹ từ yến mạch, chuối, hạnh nhân và óc chó.','https://images.example.com/vitabite/recipes/017.jpg',0,35,'EASY',8,CURRENT_TIMESTAMP,CURRENT_TIMESTAMP),
(18,4,'Đậu gà rang mè','Đậu gà rang giòn với dầu mè và mè trắng.','https://images.example.com/vitabite/recipes/018.jpg',0,30,'EASY',4,CURRENT_TIMESTAMP,CURRENT_TIMESTAMP),
(19,4,'Trứng luộc edamame','Món ăn nhẹ giàu protein từ trứng và đậu nành non.','https://images.example.com/vitabite/recipes/019.jpg',0,12,'EASY',2,CURRENT_TIMESTAMP,CURRENT_TIMESTAMP),
(20,4,'Sữa chua chuối bơ hạt điều','Món ăn nhẹ mịn, giàu năng lượng.','https://images.example.com/vitabite/recipes/020.jpg',0,5,'EASY',2,CURRENT_TIMESTAMP,CURRENT_TIMESTAMP),
(21,5,'Bánh táo yến mạch','Bánh mềm từ táo, yến mạch, trứng và sữa.','https://images.example.com/vitabite/recipes/021.jpg',0,45,'MEDIUM',6,CURRENT_TIMESTAMP,CURRENT_TIMESTAMP),
(22,5,'Kem chuối sữa chua','Món tráng miệng lạnh không cần máy làm kem.','https://images.example.com/vitabite/recipes/022.jpg',0,240,'EASY',4,CURRENT_TIMESTAMP,CURRENT_TIMESTAMP),
(23,5,'Pudding sữa hạnh nhân giả lập','Pudding sữa bò với bột hạnh nhân và chuối.','https://images.example.com/vitabite/recipes/023.jpg',0,20,'EASY',4,CURRENT_TIMESTAMP,CURRENT_TIMESTAMP),
(24,5,'Bánh khoai lang óc chó','Bánh khoai lang mềm, có óc chó và trứng.','https://images.example.com/vitabite/recipes/024.jpg',0,50,'MEDIUM',8,CURRENT_TIMESTAMP,CURRENT_TIMESTAMP),
(25,5,'Táo nướng hạt dẻ cười','Táo nướng với hạt dẻ cười và sữa chua.','https://images.example.com/vitabite/recipes/025.jpg',0,30,'EASY',4,CURRENT_TIMESTAMP,CURRENT_TIMESTAMP),
(26,6,'Salad quinoa đậu gà tahini','Salad chay giàu chất xơ với quinoa, đậu gà và sốt tahini.','https://images.example.com/vitabite/recipes/026.jpg',0,20,'EASY',3,CURRENT_TIMESTAMP,CURRENT_TIMESTAMP),
(27,6,'Salad cá hồi khoai tây','Salad cá hồi, khoai tây, cà chua và sữa chua.','https://images.example.com/vitabite/recipes/027.jpg',0,30,'MEDIUM',3,CURRENT_TIMESTAMP,CURRENT_TIMESTAMP),
(28,6,'Salad tôm quinoa mè đen','Salad tôm với quinoa và sốt mè.','https://images.example.com/vitabite/recipes/028.jpg',0,20,'EASY',2,CURRENT_TIMESTAMP,CURRENT_TIMESTAMP),
(29,6,'Salad bò bulgur','Salad no lâu từ bò, bulgur và rau củ.','https://images.example.com/vitabite/recipes/029.jpg',0,25,'MEDIUM',3,CURRENT_TIMESTAMP,CURRENT_TIMESTAMP),
(30,6,'Salad tofu edamame','Salad chay giàu protein từ tofu và edamame.','https://images.example.com/vitabite/recipes/030.jpg',0,15,'EASY',3,CURRENT_TIMESTAMP,CURRENT_TIMESTAMP),
(31,7,'Súp đậu lăng cà chua','Súp chay giàu chất xơ từ đậu lăng, cà chua và cà rốt.','https://images.example.com/vitabite/recipes/031.jpg',0,45,'EASY',4,CURRENT_TIMESTAMP,CURRENT_TIMESTAMP),
(32,7,'Súp miso tofu rau bina','Súp nhẹ với miso, tofu và rau bina.','https://images.example.com/vitabite/recipes/032.jpg',0,15,'EASY',3,CURRENT_TIMESTAMP,CURRENT_TIMESTAMP),
(33,7,'Súp gà barley','Súp gà với đại mạch, cà rốt và rau bina.','https://images.example.com/vitabite/recipes/033.jpg',0,60,'MEDIUM',4,CURRENT_TIMESTAMP,CURRENT_TIMESTAMP),
(34,7,'Súp cá tuyết khoai tây','Súp cá tuyết thanh nhẹ với khoai tây, cà chua và sữa.','https://images.example.com/vitabite/recipes/034.jpg',0,35,'MEDIUM',4,CURRENT_TIMESTAMP,CURRENT_TIMESTAMP),
(35,7,'Súp bí giả lập khoai lang đậu gà','Súp sánh từ khoai lang, đậu gà và sữa.','https://images.example.com/vitabite/recipes/035.jpg',0,40,'EASY',4,CURRENT_TIMESTAMP,CURRENT_TIMESTAMP),
(36,8,'Sinh tố chuối sữa chua','Đồ uống nhanh từ chuối, sữa chua và sữa.','https://images.example.com/vitabite/recipes/036.jpg',0,5,'EASY',2,CURRENT_TIMESTAMP,CURRENT_TIMESTAMP),
(37,8,'Sinh tố táo yến mạch','Sinh tố có chất xơ từ táo, yến mạch và sữa.','https://images.example.com/vitabite/recipes/037.jpg',0,7,'EASY',2,CURRENT_TIMESTAMP,CURRENT_TIMESTAMP),
(38,8,'Sữa đậu nành chuối protein','Đồ uống giàu protein từ sữa đậu nành, chuối và soy protein.','https://images.example.com/vitabite/recipes/038.jpg',0,5,'EASY',2,CURRENT_TIMESTAMP,CURRENT_TIMESTAMP),
(39,8,'Lassi sữa chua xoài giả lập táo','Đồ uống sữa chua táo mát, dễ làm.','https://images.example.com/vitabite/recipes/039.jpg',0,5,'EASY',2,CURRENT_TIMESTAMP,CURRENT_TIMESTAMP),
(40,8,'Sinh tố bơ đậu phộng chuối whey','Sinh tố giàu protein, phù hợp sau tập.','https://images.example.com/vitabite/recipes/040.jpg',0,5,'EASY',2,CURRENT_TIMESTAMP,CURRENT_TIMESTAMP),
(41,9,'Tofu xào rau và gạo lứt','Món chay cân bằng với tofu, rau củ và gạo lứt.','https://images.example.com/vitabite/recipes/041.jpg',0,25,'EASY',3,CURRENT_TIMESTAMP,CURRENT_TIMESTAMP),
(42,9,'Tempeh quinoa cà chua','Tempeh áp chảo ăn cùng quinoa và cà chua.','https://images.example.com/vitabite/recipes/042.jpg',0,25,'EASY',3,CURRENT_TIMESTAMP,CURRENT_TIMESTAMP),
(43,9,'Cà ri đậu gà khoai lang giả lập','Món chay sánh từ đậu gà, khoai lang, cà chua và sữa.','https://images.example.com/vitabite/recipes/043.jpg',0,40,'MEDIUM',4,CURRENT_TIMESTAMP,CURRENT_TIMESTAMP),
(44,9,'Đậu lăng quinoa rau bina','Bát chay giàu đạm và chất xơ.','https://images.example.com/vitabite/recipes/044.jpg',0,35,'EASY',3,CURRENT_TIMESTAMP,CURRENT_TIMESTAMP),
(45,9,'Burger đậu thận yến mạch','Miếng burger chay từ đậu thận và yến mạch.','https://images.example.com/vitabite/recipes/045.jpg',0,35,'MEDIUM',4,CURRENT_TIMESTAMP,CURRENT_TIMESTAMP),
(46,10,'Ức gà quinoa protein bowl','Bát giàu protein với ức gà, quinoa và edamame.','https://images.example.com/vitabite/recipes/046.jpg',0,30,'EASY',2,CURRENT_TIMESTAMP,CURRENT_TIMESTAMP),
(47,10,'Cá ngừ trứng gạo lứt','Bát cơm giàu protein từ cá ngừ và trứng.','https://images.example.com/vitabite/recipes/047.jpg',0,20,'EASY',2,CURRENT_TIMESTAMP,CURRENT_TIMESTAMP),
(48,10,'Cá hồi đậu lăng','Cá hồi ăn với đậu lăng và cà chua, giàu đạm và omega-3.','https://images.example.com/vitabite/recipes/048.jpg',0,35,'MEDIUM',3,CURRENT_TIMESTAMP,CURRENT_TIMESTAMP),
(49,10,'Bò edamame khoai lang','Món giàu protein với bò, edamame và khoai lang.','https://images.example.com/vitabite/recipes/049.jpg',0,35,'MEDIUM',3,CURRENT_TIMESTAMP,CURRENT_TIMESTAMP),
(50,10,'Tôm tofu high-protein bowl','Bát giàu protein kết hợp tôm, tofu và gạo lứt.','https://images.example.com/vitabite/recipes/050.jpg',0,25,'EASY',3,CURRENT_TIMESTAMP,CURRENT_TIMESTAMP);

INSERT INTO recipe_diet_types (recipe_id, diet_type)
SELECT recipe_id, 'NORMAL' FROM recipes;

INSERT INTO recipe_ingredients (recipe_id,ingredient_id,quantity,unit) VALUES
(1,81,80.00,'g'),
(1,1,300.00,'ml'),
(1,100,2.00,'quả'),
(1,35,20.00,'g'),
(2,11,4.00,'quả'),
(2,98,100.00,'g'),
(2,4,60.00,'g'),
(2,6,10.00,'g'),
(3,3,300.00,'g'),
(3,99,2.00,'quả'),
(3,36,30.00,'g'),
(3,81,30.00,'g'),
(4,45,100.00,'g'),
(4,100,2.00,'quả'),
(4,11,2.00,'quả'),
(4,1,80.00,'ml'),
(4,6,10.00,'g'),
(5,80,250.00,'g'),
(5,11,3.00,'quả'),
(5,97,100.00,'g'),
(5,98,80.00,'g'),
(5,72,15.00,'ml'),
(5,78,5.00,'ml'),
(6,93,300.00,'g'),
(6,80,250.00,'g'),
(6,97,120.00,'g'),
(6,98,100.00,'g'),
(6,72,15.00,'ml'),
(6,73,10.00,'g'),
(7,17,300.00,'g'),
(7,88,180.00,'g'),
(7,98,100.00,'g'),
(7,96,150.00,'g'),
(7,78,5.00,'ml'),
(8,18,240.00,'g'),
(8,90,200.00,'g'),
(8,96,150.00,'g'),
(8,98,100.00,'g'),
(8,75,30.00,'g'),
(9,59,220.00,'g'),
(9,94,300.00,'g'),
(9,96,250.00,'g'),
(9,97,100.00,'g'),
(9,98,80.00,'g'),
(10,60,200.00,'g'),
(10,27,300.00,'g'),
(10,97,100.00,'g'),
(10,98,100.00,'g'),
(10,73,12.00,'g'),
(10,78,5.00,'ml'),
(11,19,450.00,'g'),
(11,96,300.00,'g'),
(11,97,150.00,'g'),
(11,79,300.00,'g'),
(11,72,15.00,'ml'),
(12,94,500.00,'g'),
(12,85,400.00,'g'),
(12,97,250.00,'g'),
(12,96,200.00,'g'),
(13,95,300.00,'g'),
(13,65,200.00,'g'),
(13,98,120.00,'g'),
(13,72,20.00,'ml'),
(13,77,25.00,'g'),
(13,74,10.00,'g'),
(14,20,350.00,'g'),
(14,88,180.00,'g'),
(14,96,250.00,'g'),
(14,98,80.00,'g'),
(15,79,350.00,'g'),
(15,94,300.00,'g'),
(15,70,180.00,'g'),
(15,97,150.00,'g'),
(15,72,20.00,'ml'),
(15,78,5.00,'ml'),
(16,99,2.00,'quả'),
(16,48,40.00,'g'),
(17,81,250.00,'g'),
(17,100,3.00,'quả'),
(17,35,50.00,'g'),
(17,36,50.00,'g'),
(17,48,40.00,'g'),
(18,90,400.00,'g'),
(18,78,10.00,'ml'),
(18,73,20.00,'g'),
(19,11,3.00,'quả'),
(19,70,180.00,'g'),
(19,72,10.00,'ml'),
(20,3,250.00,'g'),
(20,100,2.00,'quả'),
(20,46,35.00,'g'),
(21,99,3.00,'quả'),
(21,81,220.00,'g'),
(21,11,2.00,'quả'),
(21,1,200.00,'ml'),
(21,35,40.00,'g'),
(21,6,15.00,'g'),
(22,100,4.00,'quả'),
(22,3,300.00,'g'),
(22,1,100.00,'ml'),
(23,1,500.00,'ml'),
(23,45,80.00,'g'),
(23,100,2.00,'quả'),
(23,14,2.00,'quả'),
(24,86,500.00,'g'),
(24,52,150.00,'g'),
(24,11,2.00,'quả'),
(24,36,60.00,'g'),
(24,1,120.00,'ml'),
(24,6,15.00,'g'),
(25,99,4.00,'quả'),
(25,39,50.00,'g'),
(25,3,200.00,'g'),
(25,81,40.00,'g'),
(26,88,220.00,'g'),
(26,90,250.00,'g'),
(26,96,200.00,'g'),
(26,98,120.00,'g'),
(26,75,40.00,'g'),
(27,17,300.00,'g'),
(27,85,350.00,'g'),
(27,96,180.00,'g'),
(27,98,100.00,'g'),
(27,3,120.00,'g'),
(28,27,280.00,'g'),
(28,88,180.00,'g'),
(28,96,150.00,'g'),
(28,98,100.00,'g'),
(28,77,25.00,'g'),
(28,74,10.00,'g'),
(29,94,280.00,'g'),
(29,59,200.00,'g'),
(29,96,180.00,'g'),
(29,97,120.00,'g'),
(29,98,100.00,'g'),
(30,64,300.00,'g'),
(30,70,200.00,'g'),
(30,96,180.00,'g'),
(30,98,120.00,'g'),
(30,72,15.00,'ml'),
(30,73,12.00,'g'),
(31,91,300.00,'g'),
(31,96,300.00,'g'),
(31,97,200.00,'g'),
(31,98,100.00,'g'),
(32,71,50.00,'g'),
(32,64,300.00,'g'),
(32,98,150.00,'g'),
(32,73,10.00,'g'),
(33,93,400.00,'g'),
(33,82,220.00,'g'),
(33,97,200.00,'g'),
(33,98,120.00,'g'),
(34,19,400.00,'g'),
(34,85,350.00,'g'),
(34,96,250.00,'g'),
(34,1,250.00,'ml'),
(35,86,500.00,'g'),
(35,90,250.00,'g'),
(35,97,150.00,'g'),
(35,1,250.00,'ml'),
(36,100,2.00,'quả'),
(36,3,200.00,'g'),
(36,1,250.00,'ml'),
(37,99,2.00,'quả'),
(37,81,50.00,'g'),
(37,1,300.00,'ml'),
(37,35,15.00,'g'),
(38,66,400.00,'ml'),
(38,100,2.00,'quả'),
(38,68,30.00,'g'),
(39,3,300.00,'g'),
(39,99,2.00,'quả'),
(39,1,100.00,'ml'),
(40,1,350.00,'ml'),
(40,100,2.00,'quả'),
(40,48,35.00,'g'),
(40,8,35.00,'g'),
(41,64,350.00,'g'),
(41,80,300.00,'g'),
(41,97,150.00,'g'),
(41,98,120.00,'g'),
(41,72,20.00,'ml'),
(41,78,5.00,'ml'),
(42,65,300.00,'g'),
(42,88,220.00,'g'),
(42,96,250.00,'g'),
(42,98,100.00,'g'),
(42,72,15.00,'ml'),
(43,90,350.00,'g'),
(43,86,450.00,'g'),
(43,96,300.00,'g'),
(43,1,250.00,'ml'),
(44,91,250.00,'g'),
(44,88,200.00,'g'),
(44,98,150.00,'g'),
(44,96,200.00,'g'),
(44,75,25.00,'g'),
(45,92,400.00,'g'),
(45,81,120.00,'g'),
(45,11,1.00,'quả'),
(45,96,150.00,'g'),
(45,98,80.00,'g'),
(46,93,360.00,'g'),
(46,88,200.00,'g'),
(46,70,180.00,'g'),
(46,98,100.00,'g'),
(46,72,15.00,'ml'),
(47,18,260.00,'g'),
(47,11,3.00,'quả'),
(47,80,280.00,'g'),
(47,98,100.00,'g'),
(47,72,15.00,'ml'),
(48,17,360.00,'g'),
(48,91,250.00,'g'),
(48,96,250.00,'g'),
(48,98,100.00,'g'),
(49,94,350.00,'g'),
(49,70,220.00,'g'),
(49,86,450.00,'g'),
(49,98,100.00,'g'),
(49,72,15.00,'ml'),
(50,27,300.00,'g'),
(50,64,250.00,'g'),
(50,80,280.00,'g'),
(50,98,100.00,'g'),
(50,72,15.00,'ml'),
(50,73,10.00,'g');

INSERT INTO nutrition_info (nutrition_id,recipe_id,calories,protein,fat,carbs,fiber,sugar,sodium) VALUES
(1,1,330.00,12.00,8.00,55.00,7.00,0.00,0.00),
(2,2,360.00,27.00,24.00,7.00,3.00,0.00,0.00),
(3,3,280.00,12.00,14.00,31.00,5.00,0.00,0.00),
(4,4,410.00,18.00,26.00,35.00,7.00,0.00,0.00),
(5,5,390.00,17.00,13.00,52.00,7.00,0.00,0.00),
(6,6,510.00,46.00,10.00,55.00,8.00,0.00,0.00),
(7,7,560.00,39.00,25.00,43.00,7.00,0.00,0.00),
(8,8,420.00,39.00,12.00,40.00,10.00,0.00,0.00),
(9,9,525.00,34.00,18.00,58.00,9.00,0.00,0.00),
(10,10,500.00,35.00,14.00,58.00,6.00,0.00,0.00),
(11,11,460.00,38.00,8.00,58.00,6.00,0.00,0.00),
(12,12,590.00,42.00,24.00,55.00,8.00,0.00,0.00),
(13,13,540.00,40.00,27.00,32.00,7.00,0.00,0.00),
(14,14,470.00,42.00,11.00,48.00,7.00,0.00,0.00),
(15,15,560.00,38.00,18.00,63.00,8.00,0.00,0.00),
(16,16,250.00,7.00,13.00,29.00,5.00,0.00,0.00),
(17,17,190.00,6.00,9.00,24.00,4.00,0.00,0.00),
(18,18,210.00,9.00,8.00,28.00,7.00,0.00,0.00),
(19,19,230.00,20.00,13.00,12.00,5.00,0.00,0.00),
(20,20,310.00,12.00,15.00,34.00,3.00,0.00,0.00),
(21,21,265.00,8.00,9.00,39.00,5.00,0.00,0.00),
(22,22,180.00,7.00,5.00,31.00,3.00,0.00,0.00),
(23,23,240.00,9.00,12.00,28.00,4.00,0.00,0.00),
(24,24,220.00,6.00,10.00,31.00,4.00,0.00,0.00),
(25,25,205.00,6.00,8.00,32.00,5.00,0.00,0.00),
(26,26,430.00,17.00,15.00,59.00,13.00,0.00,0.00),
(27,27,465.00,32.00,20.00,40.00,6.00,0.00,0.00),
(28,28,440.00,35.00,14.00,45.00,8.00,0.00,0.00),
(29,29,485.00,33.00,17.00,52.00,9.00,0.00,0.00),
(30,30,390.00,25.00,18.00,31.00,10.00,0.00,0.00),
(31,31,340.00,19.00,4.00,58.00,18.00,0.00,0.00),
(32,32,220.00,18.00,10.00,16.00,5.00,0.00,0.00),
(33,33,390.00,35.00,8.00,47.00,9.00,0.00,0.00),
(34,34,410.00,34.00,10.00,43.00,5.00,0.00,0.00),
(35,35,360.00,14.00,8.00,61.00,12.00,0.00,0.00),
(36,36,260.00,11.00,7.00,43.00,3.00,0.00,0.00),
(37,37,295.00,10.00,7.00,51.00,7.00,0.00,0.00),
(38,38,320.00,27.00,8.00,41.00,4.00,0.00,0.00),
(39,39,230.00,9.00,6.00,38.00,4.00,0.00,0.00),
(40,40,430.00,32.00,15.00,48.00,5.00,0.00,0.00),
(41,41,460.00,24.00,17.00,55.00,10.00,0.00,0.00),
(42,42,480.00,29.00,18.00,53.00,10.00,0.00,0.00),
(43,43,430.00,16.00,8.00,75.00,14.00,0.00,0.00),
(44,44,445.00,22.00,7.00,74.00,17.00,0.00,0.00),
(45,45,360.00,17.00,9.00,58.00,14.00,0.00,0.00),
(46,46,610.00,58.00,16.00,55.00,11.00,0.00,0.00),
(47,47,570.00,50.00,17.00,58.00,6.00,0.00,0.00),
(48,48,590.00,45.00,25.00,45.00,13.00,0.00,0.00),
(49,49,620.00,47.00,22.00,61.00,11.00,0.00,0.00),
(50,50,540.00,48.00,16.00,48.00,8.00,0.00,0.00);

INSERT INTO recipe_steps (step_id,recipe_id,step_order,instruction) VALUES
(1,1,1,'Nấu yến mạch với sữa ở lửa vừa trong 6–8 phút.'),
(2,1,2,'Nghiền một quả chuối rồi khuấy vào nồi.'),
(3,1,3,'Cắt lát quả chuối còn lại và rắc hạnh nhân lên trên.'),
(4,1,4,'Chia thành hai phần và dùng khi còn ấm.'),
(5,2,1,'Đánh đều trứng.'),
(6,2,2,'Làm nóng bơ trong chảo và đảo rau bina đến khi mềm.'),
(7,2,3,'Đổ trứng vào, dàn mỏng rồi thêm phô mai.'),
(8,2,4,'Cuộn trứng, áp chảo thêm 1–2 phút và cắt đôi.'),
(9,3,1,'Rửa táo và cắt hạt lựu.'),
(10,3,2,'Chia sữa chua vào hai bát.'),
(11,3,3,'Thêm táo, yến mạch và óc chó.'),
(12,3,4,'Trộn nhẹ trước khi dùng.'),
(13,4,1,'Nghiền chuối rồi trộn với trứng và sữa.'),
(14,4,2,'Cho bột hạnh nhân vào, khuấy thành hỗn hợp sệt.'),
(15,4,3,'Làm nóng chảo với một lượng nhỏ bơ.'),
(16,4,4,'Đổ từng phần bột, rán mỗi mặt 2–3 phút.'),
(17,5,1,'Đánh trứng rồi làm chín trong chảo.'),
(18,5,2,'Thêm cà rốt thái nhỏ và rau bina, đảo 3 phút.'),
(19,5,3,'Cho gạo lứt đã nấu vào chảo.'),
(20,5,4,'Nêm nước tương, dầu mè và đảo đều.'),
(21,6,1,'Cắt ức gà thành miếng vừa ăn.'),
(22,6,2,'Áp chảo gà đến khi chín hoàn toàn.'),
(23,6,3,'Cho cà rốt và rau bina vào đảo mềm.'),
(24,6,4,'Thêm cơm gạo lứt và nước tương.'),
(25,6,5,'Rắc mè trắng, chia thành hai phần.'),
(26,7,1,'Nấu quinoa với nước đến khi hạt nở.'),
(27,7,2,'Áp chảo cá hồi 4–5 phút mỗi mặt.'),
(28,7,3,'Đảo nhanh cà chua và rau bina.'),
(29,7,4,'Xếp quinoa, rau và cá hồi ra đĩa.'),
(30,8,1,'Để ráo cá ngừ và đậu gà đã nấu.'),
(31,8,2,'Cắt cà chua, rửa rau bina.'),
(32,8,3,'Khuấy tahini với một ít nước thành sốt.'),
(33,8,4,'Trộn tất cả nguyên liệu và dùng ngay.'),
(34,9,1,'Nấu bulgur đến khi mềm.'),
(35,9,2,'Xào thịt bò đến khi đổi màu.'),
(36,9,3,'Thêm cà rốt và cà chua, nấu 8 phút.'),
(37,9,4,'Cho rau bina vào đảo mềm.'),
(38,9,5,'Dùng hỗn hợp bò cùng bulgur.'),
(39,10,1,'Ngâm hoặc nấu couscous theo hướng dẫn.'),
(40,10,2,'Làm chín tôm trong chảo.'),
(41,10,3,'Thêm cà rốt và rau bina, đảo nhanh.'),
(42,10,4,'Trộn với couscous, dầu mè và mè trắng.'),
(43,11,1,'Nấu cơm trắng.'),
(44,11,2,'Cắt cá tuyết thành khúc.'),
(45,11,3,'Nấu cà chua và cà rốt với ít nước trong 10 phút.'),
(46,11,4,'Cho cá và nước tương vào, đậy nắp nấu thêm 10–12 phút.'),
(47,11,5,'Dùng cá với cơm.'),
(48,12,1,'Cắt thịt bò, khoai tây và cà rốt thành miếng.'),
(49,12,2,'Áp chảo thịt bò đến khi săn.'),
(50,12,3,'Thêm cà chua và nước, hầm 40 phút.'),
(51,12,4,'Cho khoai tây và cà rốt vào hầm thêm 20 phút.'),
(52,12,5,'Kiểm tra thịt mềm rồi phục vụ.'),
(53,13,1,'Cắt thịt heo và tempeh thành miếng mỏng.'),
(54,13,2,'Áp chảo thịt heo đến khi gần chín.'),
(55,13,3,'Thêm tempeh và rau bina.'),
(56,13,4,'Cho nước tương và tương mè vào đảo đều.'),
(57,13,5,'Rắc mè đen trước khi dùng.'),
(58,14,1,'Nấu quinoa đến khi mềm.'),
(59,14,2,'Áp chảo cá rô phi đến khi chín.'),
(60,14,3,'Nấu cà chua thành sốt đặc nhẹ.'),
(61,14,4,'Cho rau bina vào sốt.'),
(62,14,5,'Dùng cá với quinoa và sốt cà chua.'),
(63,15,1,'Nấu cơm trắng.'),
(64,15,2,'Xào thịt bò đến khi vừa chín.'),
(65,15,3,'Thêm edamame và cà rốt, đảo 5 phút.'),
(66,15,4,'Nêm nước tương và dầu mè.'),
(67,15,5,'Dùng hỗn hợp bò với cơm.'),
(68,16,1,'Rửa táo và bỏ lõi.'),
(69,16,2,'Cắt táo thành múi.'),
(70,16,3,'Phết bơ đậu phộng lên từng miếng táo.'),
(71,16,4,'Dùng ngay.'),
(72,17,1,'Nghiền chuối và trộn với bơ đậu phộng.'),
(73,17,2,'Cho yến mạch cùng hạt cắt nhỏ vào trộn.'),
(74,17,3,'Ép hỗn hợp vào khuôn.'),
(75,17,4,'Nướng ở 175°C khoảng 22–25 phút.'),
(76,17,5,'Để nguội rồi cắt thành tám thanh.'),
(77,18,1,'Làm ráo đậu gà đã nấu.'),
(78,18,2,'Trộn đậu với dầu mè và mè trắng.'),
(79,18,3,'Dàn lên khay.'),
(80,18,4,'Nướng ở 190°C trong 20–25 phút, đảo một lần.'),
(81,19,1,'Luộc trứng 9–10 phút rồi ngâm nước mát.'),
(82,19,2,'Luộc hoặc hấp edamame đến chín.'),
(83,19,3,'Bóc vỏ trứng và cắt đôi.'),
(84,19,4,'Dùng cùng edamame và một ít nước tương.'),
(85,20,1,'Nghiền một phần chuối.'),
(86,20,2,'Trộn chuối nghiền với sữa chua.'),
(87,20,3,'Chia ra bát, thêm chuối lát.'),
(88,20,4,'Rưới bơ hạt điều lên trên.'),
(89,21,1,'Cắt táo thành lát mỏng.'),
(90,21,2,'Trộn yến mạch, trứng và sữa.'),
(91,21,3,'Xếp táo vào khuôn đã quét bơ.'),
(92,21,4,'Đổ hỗn hợp yến mạch lên trên, rắc hạnh nhân.'),
(93,21,5,'Nướng 180°C trong 30–35 phút.'),
(94,22,1,'Cắt chuối và đông lạnh ít nhất 3 giờ.'),
(95,22,2,'Xay chuối đông với sữa chua và sữa.'),
(96,22,3,'Cho vào hộp và làm lạnh thêm 30 phút.'),
(97,22,4,'Múc ra dùng.'),
(98,23,1,'Nghiền chuối.'),
(99,23,2,'Đánh lòng đỏ trứng với sữa.'),
(100,23,3,'Đun lửa nhỏ và khuấy liên tục.'),
(101,23,4,'Thêm bột hạnh nhân và chuối, khuấy đến sệt.'),
(102,23,5,'Chia cốc và làm lạnh.'),
(103,24,1,'Hấp chín và nghiền khoai lang.'),
(104,24,2,'Trộn khoai với trứng, sữa và bột mì nguyên cám.'),
(105,24,3,'Thêm óc chó cắt nhỏ.'),
(106,24,4,'Cho vào khuôn đã quét bơ.'),
(107,24,5,'Nướng 180°C khoảng 30–35 phút.'),
(108,25,1,'Khoét bỏ lõi táo.'),
(109,25,2,'Trộn yến mạch và hạt dẻ cười cắt nhỏ.'),
(110,25,3,'Nhồi hỗn hợp vào táo.'),
(111,25,4,'Nướng ở 180°C khoảng 20 phút.'),
(112,25,5,'Dùng cùng sữa chua.'),
(113,26,1,'Nấu quinoa và để nguội.'),
(114,26,2,'Để ráo đậu gà.'),
(115,26,3,'Cắt cà chua và rửa rau bina.'),
(116,26,4,'Pha tahini với nước thành sốt.'),
(117,26,5,'Trộn tất cả nguyên liệu.'),
(118,27,1,'Luộc khoai tây, để nguội rồi cắt miếng.'),
(119,27,2,'Áp chảo cá hồi và tách miếng.'),
(120,27,3,'Cắt cà chua, rửa rau bina.'),
(121,27,4,'Dùng sữa chua làm sốt.'),
(122,27,5,'Trộn nhẹ tất cả nguyên liệu.'),
(123,28,1,'Nấu quinoa rồi để nguội.'),
(124,28,2,'Luộc hoặc áp chảo tôm đến chín.'),
(125,28,3,'Trộn tương mè với một ít nước.'),
(126,28,4,'Kết hợp quinoa, tôm, cà chua và rau bina.'),
(127,28,5,'Rắc mè đen và thêm sốt.'),
(128,29,1,'Nấu bulgur và để nguội bớt.'),
(129,29,2,'Áp chảo thịt bò rồi thái lát.'),
(130,29,3,'Cắt cà chua, bào cà rốt.'),
(131,29,4,'Trộn rau với bulgur.'),
(132,29,5,'Xếp bò lên trên và dùng.'),
(133,30,1,'Ép bớt nước tofu rồi cắt khối.'),
(134,30,2,'Áp chảo tofu đến vàng.'),
(135,30,3,'Luộc edamame.'),
(136,30,4,'Trộn cà chua, rau bina, tofu và edamame.'),
(137,30,5,'Thêm nước tương và mè trắng.'),
(138,31,1,'Rửa đậu lăng.'),
(139,31,2,'Cho đậu, cà chua và cà rốt vào nồi với nước.'),
(140,31,3,'Đun sôi rồi hạ lửa nấu 30–35 phút.'),
(141,31,4,'Thêm rau bina trong 3 phút cuối.'),
(142,31,5,'Nghiền nhẹ một phần súp nếu muốn đặc hơn.'),
(143,32,1,'Đun nóng nước nhưng không để sôi mạnh.'),
(144,32,2,'Hòa miso với một ít nước ấm.'),
(145,32,3,'Cho tofu vào nồi nấu 4 phút.'),
(146,32,4,'Thêm rau bina và miso, khuấy nhẹ.'),
(147,32,5,'Rắc mè trắng trước khi dùng.'),
(148,33,1,'Nấu đại mạch trong nước 25 phút.'),
(149,33,2,'Thêm ức gà cắt miếng và cà rốt.'),
(150,33,3,'Nấu thêm 20 phút đến khi gà chín.'),
(151,33,4,'Cho rau bina vào 3 phút cuối.'),
(152,33,5,'Chia ra bát và dùng nóng.'),
(153,34,1,'Nấu khoai tây và cà chua với nước đến mềm.'),
(154,34,2,'Cho cá tuyết cắt khúc vào nấu 8 phút.'),
(155,34,3,'Thêm sữa và đun lửa nhỏ.'),
(156,34,4,'Khuấy nhẹ để cá không nát.'),
(157,34,5,'Tắt bếp khi súp nóng đều.'),
(158,35,1,'Cắt khoai lang và cà rốt.'),
(159,35,2,'Nấu cùng đậu gà và nước đến mềm.'),
(160,35,3,'Xay hoặc nghiền hỗn hợp.'),
(161,35,4,'Thêm sữa, đun lửa nhỏ 5 phút.'),
(162,35,5,'Điều chỉnh độ đặc bằng nước.'),
(163,36,1,'Bóc vỏ và cắt chuối.'),
(164,36,2,'Cho chuối, sữa chua và sữa vào máy xay.'),
(165,36,3,'Xay mịn trong 30–45 giây.'),
(166,36,4,'Rót ra hai ly.'),
(167,37,1,'Cắt táo và bỏ lõi.'),
(168,37,2,'Ngâm yến mạch trong sữa 5 phút nếu muốn mịn hơn.'),
(169,37,3,'Xay táo, yến mạch, sữa và hạnh nhân.'),
(170,37,4,'Rót ra ly và dùng ngay.'),
(171,38,1,'Cho sữa đậu nành vào máy xay.'),
(172,38,2,'Thêm chuối và soy protein isolate.'),
(173,38,3,'Xay đến khi mịn.'),
(174,38,4,'Chia thành hai phần.'),
(175,39,1,'Cắt táo và bỏ lõi.'),
(176,39,2,'Cho táo, sữa chua và sữa vào máy xay.'),
(177,39,3,'Xay thật mịn.'),
(178,39,4,'Làm lạnh trước khi dùng nếu thích.'),
(179,40,1,'Cho sữa vào máy xay.'),
(180,40,2,'Thêm chuối, bơ đậu phộng và whey protein.'),
(181,40,3,'Xay 45 giây đến khi mịn.'),
(182,40,4,'Dùng ngay sau khi xay.'),
(183,41,1,'Áp chảo tofu đến vàng.'),
(184,41,2,'Thêm cà rốt và rau bina, đảo mềm.'),
(185,41,3,'Cho gạo lứt đã nấu vào.'),
(186,41,4,'Nêm nước tương và dầu mè.'),
(187,41,5,'Đảo đều rồi phục vụ.'),
(188,42,1,'Nấu quinoa.'),
(189,42,2,'Áp chảo tempeh đến vàng hai mặt.'),
(190,42,3,'Nấu cà chua thành sốt nhẹ.'),
(191,42,4,'Thêm rau bina và nước tương.'),
(192,42,5,'Dùng tempeh với quinoa và sốt.'),
(193,43,1,'Cắt khoai lang thành khối.'),
(194,43,2,'Nấu cà chua với ít nước 8 phút.'),
(195,43,3,'Thêm khoai lang và đậu gà, nấu đến mềm.'),
(196,43,4,'Cho sữa vào, đun lửa nhỏ 5 phút.'),
(197,43,5,'Dùng cùng cơm nếu cần thêm năng lượng.'),
(198,44,1,'Nấu riêng đậu lăng và quinoa.'),
(199,44,2,'Nấu cà chua đến mềm.'),
(200,44,3,'Thêm rau bina vào cà chua.'),
(201,44,4,'Trộn đậu lăng, quinoa và rau.'),
(202,44,5,'Rưới tahini đã pha loãng.'),
(203,45,1,'Nghiền đậu thận.'),
(204,45,2,'Trộn với yến mạch, trứng và cà chua băm.'),
(205,45,3,'Tạo thành bốn miếng dẹt.'),
(206,45,4,'Áp chảo mỗi mặt 4–5 phút.'),
(207,45,5,'Dùng cùng rau bina.'),
(208,46,1,'Nấu quinoa.'),
(209,46,2,'Áp chảo ức gà đến chín và thái lát.'),
(210,46,3,'Luộc edamame.'),
(211,46,4,'Xếp quinoa, rau bina, edamame và gà vào bát.'),
(212,46,5,'Rưới một ít nước tương.'),
(213,47,1,'Nấu hoặc hâm nóng gạo lứt.'),
(214,47,2,'Luộc trứng rồi cắt đôi.'),
(215,47,3,'Để ráo cá ngừ.'),
(216,47,4,'Xếp cơm, rau bina, cá ngừ và trứng vào bát.'),
(217,47,5,'Thêm nước tương.'),
(218,48,1,'Nấu đậu lăng đến mềm.'),
(219,48,2,'Áp chảo cá hồi.'),
(220,48,3,'Nấu cà chua thành sốt.'),
(221,48,4,'Thêm rau bina vào sốt.'),
(222,48,5,'Dùng cá hồi với đậu lăng và sốt cà chua.'),
(223,49,1,'Hấp hoặc nướng khoai lang đến mềm.'),
(224,49,2,'Xào thịt bò đến vừa chín.'),
(225,49,3,'Thêm edamame và rau bina.'),
(226,49,4,'Nêm nước tương.'),
(227,49,5,'Dùng cùng khoai lang.'),
(228,50,1,'Áp chảo tofu đến vàng.'),
(229,50,2,'Cho tôm vào chảo và nấu chín.'),
(230,50,3,'Thêm rau bina và nước tương.'),
(231,50,4,'Chia gạo lứt vào bát.'),
(232,50,5,'Xếp tôm, tofu lên trên và rắc mè.');
